accept	004444	a.i	"$c=2,\\ b=2$"	"$b=2,\\ c=2$"	true
accept	037c66	b.i	"$T_n=1.6+0.2(n-1)$"	"$T_n=0.2n+1.4$"	true
accept	037c80	c.i	"no"	"No"	true
accept	037c80	c.iii	"$2 \\le x \\le 6$"	"$2\\le x\\le6$"	true
accept	037d47	d.decision	"is accepted"	"qualifies"	false
accept	037d47	d.decision	"will be accepted"	"qualifies"	false
accept	037d69	a.i	"$1.25,\\ 1.75,\\ 2.25,\\ 2.75$"	"$\\frac{5}{4},\\ 1.75,\\ \\frac{9}{4},\\ 2.75$"	true
accept	037d69	b.i	"$1.25+0.5(n-1)$"	"$0.5n+0.75$"	true
accept	037d69	b.i	"$\\frac{1}{2}n+\\frac{3}{4}$"	"$0.5n+0.75$"	true
accept	037d69	d.i	"16th"	"16th departure"	true
accept	037d69	d.i	"departure 16"	"16th departure"	false
accept	037d69	d.ii	"14:45"	"2:45 p.m."	false
accept	037d69	d.ii	"2.45 p.m."	"2:45 p.m."	false
accept	037d71	b.ii	"$[0,9]$"	"$0 \\le f(x) \\le 9$"	false
accept	037d71	c.i	"$f^{-1}(x)=2+\\sqrt{x},\\ 0 \\le x \\le 9$"	"$f^{-1}: x \\to 2+\\sqrt{x},\\ 0 \\le x \\le 9$"	true
accept	037d9d	d.i	"no"	"No"	true
accept	037da5	b.i	"$(7\\pi+54)\\text{ m}$"	"$(54+7\\pi)\\text{ m}$"	true
accept	037dcf	c.ii	"yes"	"Yes"	true
accept	037df1	d.modal_drink	"mango juice"	"Mango juice"	true
accept	037e09	c.i	"1, 2, 3, 4, 6 and 12"	"1, 2, 3, 4, 6, 12"	true
accept	037e40	b.i	"$x=h$"	"$h=x$"	true
accept	037e40	b.ii	"$\\sqrt{3}h=x+12$"	"$x+12=\\sqrt{3}h$"	true
accept	037e40	c.i	"$6(1+\\sqrt{3})$"	"$6+6\\sqrt{3}$"	true
accept	037e40	c.i	"$6(\\sqrt{3}+1)$"	"$6+6\\sqrt{3}$"	true
accept	037e50	c.i	"3 stools"	"3"	true
accept	037e5d	b.i	"$d=h$"	"$h=d$"	true
accept	037e5d	c.i	"$\\frac{20}{\\sqrt{3}-1}$"	"$10(\\sqrt{3}+1)$"	true
accept	037e5d	d.ii	"right-angled isosceles triangle"	"isosceles right triangle"	false
accept	037e81	b.i	"$21.6\\text{ m}$"	"$24\\sqrt{3}-20\\text{ m}$"	true
accept	09e932	b.i	"Yes, it is a function"	"Function"	true
accept	0ab945	b.axis	"$x=3$"	"$t=3$"	true
accept	0ab945	c.i	"$t=5$"	"$5$ seconds"	true
accept	0ab945	d.composite	"$-(t-3)^2+4$"	"$gf(t)=-(t-3)^2+4$"	true
accept	0ab945	d.composite	"$-t^2+6t-5$"	"$gf(t)=-(t-3)^2+4$"	true
accept	1007ef	a.i	"$f^{-1}(x) = \\frac{x-5}{3}$"	"$y = \\frac{1}{3}x - \\frac{5}{3}$"	true
accept	220c3b	a.i	"$\\pm 0.05\\text{ m}$"	"$0.05\\text{ m}$"	false
accept	266546	d.comparison	"No."	"No"	true
accept	26b3b0	a.i	"$30$"	"$30$"	true
accept	26b3b0	a.i	"30"	"$30$"	true
accept	26b3ba	a.i	"$\\begin{pmatrix}8\\\\2\\end{pmatrix}$"	"$\\begin{pmatrix}8\\\\2\\end{pmatrix}$"	true
accept	26b3ce	a.i	"$55°$"	"$55°$"	true
accept	26b3ce	a.i	"55°"	"$55°$"	true
accept	26b3d8	a.i	"4"	"$4$"	true
accept	26b3e2	a.i	"13 cubic metres"	"13 cubic metres"	true
accept	26b3ec	a.i	"$2$"	"$2$"	true
accept	26b3ec	a.i	"2"	"$2$"	true
accept	26b3f6	a.i	"\\$216"	"\\$216"	true
accept	26b400	a.i	"$4$"	"$4$"	true
accept	26b400	a.i	"4"	"$4$"	true
accept	26b411	a.i	"$116°$"	"$116°$"	true
accept	26b411	a.i	"116°"	"$116°$"	true
accept	26b41b	a.i	"$4.62\\text{ L}$"	"$4.62\\text{ L}$"	true
accept	26b472	a.i	"$y=2x-3$"	"$y=2x-3$"	true
accept	26b486	a.i	"75°"	"75°"	true
accept	26b490	a.i	"28 households"	"28 households"	true
accept	26b49a	a.i	"$5$"	"$5$"	true
accept	26b49a	a.i	"5"	"$5$"	true
accept	26b4a4	a.i	"$16$"	"$16$"	true
accept	26b4a4	a.i	"16"	"$16$"	true
accept	26b4ae	a.i	"\\$24"	"\\$24"	true
accept	26b4b8	a.i	"$179\\text{ L}$"	"$179\\text{ L}$"	true
accept	26b4d6	a.i	"$-2$"	"$-2$"	true
accept	26b4d6	a.i	"-2"	"$-2$"	true
accept	2ee7b5	d.i	"identity matrix of order 2"	"$I_2$"	false
accept	2ee7b5	d.i	"the identity matrix"	"$I_2$"	false
accept	2ee7b5	d.iii	"is consistent"	"agrees"	false
accept	411355	a.i	"$\\sqrt{50}$ cm"	"$5\\sqrt{2}$ cm"	true
accept	45e806	c.median_class	"20–29"	"$20-29$"	true
accept	45e806	c.modal_class	"20–29"	"$20-29$"	true
accept	486413	a.i	"East section"	"East"	true
accept	486413	a.i	"the East section"	"East"	true
accept	486413	b.i	"Hill section"	"Hill"	true
accept	486413	b.i	"the Hill section"	"Hill"	true
accept	48641b	d.verdict	"Correct"	"Yes"	false
accept	48641b	d.verdict	"The customer is correct"	"Yes"	false
accept	49ffd1	a.i	"$10$"	"$10$"	true
accept	49ffd1	a.i	"10"	"$10$"	true
accept	4a0001	a.i	"$20 \\le x < 30$"	"$20 \\le x < 30$"	true
accept	4a000b	a.i	"$10$"	"$10$"	true
accept	4a000b	a.i	"10"	"$10$"	true
accept	4a0015	a.i	"$(0,-3)$"	"$(0,-3)$"	true
accept	4a001f	a.i	"$4 - 3x < 10$"	"$4 - 3x < 10$"	true
accept	4a0029	a.i	"$315°$"	"$315°$"	true
accept	4a0029	a.i	"315°"	"$315°$"	true
accept	4a0033	a.i	"$n((A \\cup B)') = 39$"	"$n((A \\cup B)') = 39$"	true
accept	4a0051	a.i	"\\$60"	"\\$60"	true
accept	4a005b	a.i	"90 km"	"$90$ km"	true
accept	4a00ab	a.i	"Solid dots at $5$ and $6$ only"	"Solid dots at $5$ and $6$ only"	true
accept	4a00b5	a.i	"$62°$"	"$62°$"	true
accept	4a00b5	a.i	"62°"	"$62°$"	true
accept	4a00bf	a.i	"$95$, which is a composite number"	"$95$, which is a composite number"	true
accept	4a00c9	a.i	"\\$20"	"\\$20"	true
accept	4a00d3	a.i	"$\\frac{1800}{17}$ m/min"	"$\\frac{1800}{17}$ m/min"	true
accept	4a0120	a.i	"$(-5, 2)$"	"$(-5, 2)$"	true
accept	4a012a	a.i	"$6$ bags of compost"	"$6$ bags of compost"	true
accept	4a012a	a.i	"6 bags of compost"	"$6$ bags of compost"	true
accept	4a0134	a.i	"$52°$"	"$52°$"	true
accept	4a0134	a.i	"52°"	"$52°$"	true
accept	4a013e	a.i	"17 vendors"	"17 vendors"	true
accept	4a013e	a.i	"17"	"17 vendors"	true
accept	4a0148	a.i	"$2 \\le x \\le 7$"	"$2 \\le x \\le 7$"	true
accept	4a0152	a.i	"An open circle at $2$ and a closed circle at $6$, with the section between them shaded."	"An open circle at $2$ and a closed circle at $6$, with the section between them shaded."	true
accept	4a015c	a.i	"$70°$"	"$70°$"	true
accept	4a015c	a.i	"70°"	"$70°$"	true
accept	4a0170	a.i	"$12.5\\%$"	"$12.5\\%$"	true
accept	4a0170	a.i	"12.5%"	"$12.5\\%$"	true
accept	4a017a	a.i	"$24\\text{ km/h}$"	"$24\\text{ km/h}$"	true
accept	4a017a	a.i	"24 km/h"	"$24\\text{ km/h}$"	true
accept	5907dc	a.i	"25 kg"	"25 kg"	true
accept	5907e6	a.i	"$\\begin{pmatrix}-3\\\\-8\\end{pmatrix}$"	"$\\begin{pmatrix}-3\\\\-8\\end{pmatrix}$"	true
accept	5907f0	a.i	"$B=-\\frac{9}{2}x+18$"	"$B=-\\frac{9}{2}x+18$"	true
accept	5907fa	a.i	"$17$"	"$17$"	true
accept	5907fa	a.i	"17"	"$17$"	true
accept	590804	a.i	"$20\\text{ cm}$"	"$20\\text{ cm}$"	true
accept	59080e	a.i	"13"	"13"	true
accept	590818	a.i	"18 bags"	"18 bags"	true
accept	590822	a.i	"$R$"	"$R$"	true
accept	59082c	a.i	"\\$24"	"\\$24"	true
accept	590872	a.i	"The two data sets have the same range."	"The two data sets have the same range."	true
accept	590883	a.i	"$\\begin{pmatrix}-4\\\\6\\end{pmatrix}$"	"$\\begin{pmatrix}-4\\\\6\\end{pmatrix}$"	true
accept	59088d	a.i	"$x < 3$"	"$x < 3$"	true
accept	590897	a.i	"$22°$"	"$22°$"	true
accept	590897	a.i	"22°"	"$22°$"	true
accept	5908a1	a.i	"$3x - 1 \\le 5$"	"$3x - 1 \\le 5$"	true
accept	5de145	a.i	"$y \\geq -x+2$"	"$y \\geq -x+2$"	true
accept	5de14f	a.i	"$55°$"	"$55°$"	true
accept	5de14f	a.i	"55°"	"$55°$"	true
accept	5de163	a.i	"\\$405"	"\\$405"	true
accept	5de16d	a.i	"750 m"	"750 m"	true
accept	5de1bd	a.i	"11 farmers"	"11 farmers"	true
accept	5de1d1	a.i	"$y=-x+6$"	"$y=-x+6$"	true
accept	5de1db	a.i	"$(3, 1)$"	"$(3, 1)$"	true
accept	5de1e5	a.i	"$62°$"	"$62°$"	true
accept	5de1e5	a.i	"62°"	"$62°$"	true
accept	5de1ef	a.i	"$-3$"	"$-3$"	true
accept	5de200	a.i	"\\$2 754"	"\\$2 754"	true
accept	5de20a	a.i	"$15\\,000\\text{ cm}^3$"	"$15\\,000\\text{ cm}^3$"	true
accept	6a51ef	c.plan	"B"	"Plan B"	true
accept	6a5256	c.i	"$1:2$"	"1:2"	true
accept	6a5256	c.i	"1 to 2"	"1:2"	false
accept	6a5278	a.i	"x^{2}+1"	"x^2+1"	true
accept	6a5278	c.ii	"cannot be"	"cannot"	true
accept	6a52b3	d.ii	"a parallelogram"	"parallelogram"	true
accept	6a52bb	c.i	"statistic"	"sample statistic"	true
accept	6a52bb	c.ii	"parameter"	"population parameter"	true
accept	6a52bb	c.iii	"estimation"	"estimate"	false
accept	6a52bb	d.i	"does not support the claim"	"No"	false
accept	6a52bb	d.i	"not supported"	"No"	false
accept	76425d	a.i	"3"	"Figure 3"	true
accept	76425d	a.i	"Card 3"	"Figure 3"	false
accept	797bb6	a.i	"length $9$ m and width $5$ m"	"$9\\text{ m},\\ 5\\text{ m}$"	false
accept	797bb6	b.i	"$1(x+7)^2-4$"	"$(x+7)^2-4$"	true
accept	797bb6	c.i	"$-15,\\ 1$"	"$1,\\ -15$"	false
accept	797bbe	d.ii	"appropriate"	"suitable"	false
accept	797bbe	d.iii	"higher"	"greater"	false
accept	797bbe	d.iii	"more"	"greater"	false
accept	797bda	c.composite	"$x^2-6x$"	"$(x-3)^2-9$"	true
accept	797bf4	c.congruency	"the same size and shape"	"congruent"	false
accept	797bf4	c.orientation	"changed"	"reversed"	false
accept	797bf4	c.orientation	"opposite orientation"	"reversed"	false
accept	797bf4	c.orientation	"opposite"	"reversed"	false
accept	797bf4	c.orientation	"orientation reversed"	"reversed"	true
accept	797c67	d.ii	"No"	"not"	false
accept	797c67	d.ii	"unacceptable"	"not"	false
accept	797c8b	d.verdict	"yes"	"Yes"	true
accept	797c98	d.orientation	"unchanged"	"same"	false
accept	797c98	d.relationship	"congruent triangles"	"congruent"	true
accept	797c98	d.relationship	"identical in shape and size"	"congruent"	false
accept	797cc2	b.ii	"achieves"	"meets"	false
accept	797cc2	b.ii	"satisfies"	"meets"	false
accept	804982	b.i	"(x-1)/2"	"\\frac{x-1}{2}"	true
accept	80498a	d.i	"intersecting"	"not disjoint"	false
accept	80498a	d.i	"overlapping"	"not disjoint"	false
accept	8049b8	c.i	"does not fulfil"	"does not meet"	false
accept	8049b8	c.i	"does not satisfy"	"does not meet"	false
accept	8049c0	c.i	"40° counterclockwise"	"40° anticlockwise"	false
accept	8049c0	d.i	"No, it does not comply"	"No"	true
accept	8049c0	d.i	"No, the turn does not comply"	"No"	true
accept	8049c8	d.reason	"$0.833\\ldots$"	"$\\frac{5}{6}$"	false
accept	8049c8	d.reason	"$0.83\\overline{3}$"	"$\\frac{5}{6}$"	false
accept	8049c8	d.verdict	"No"	"did not"	false
accept	8049da	d.i	"yes"	"Yes"	true
accept	8049f4	d.property	"distributive law"	"distributive"	true
accept	8049f4	d.property	"distributive property"	"distributive"	true
accept	804a04	a.i	"$l=\\frac{g}{4\\pi^2}T^2$"	"$l=\\frac{gT^2}{4\\pi^2}$"	true
accept	804a04	d.decision	"is safe"	"meets"	false
accept	804a04	d.decision	"satisfies the safety requirement"	"meets"	false
accept	804a11	d.ii	"reject"	"rejected"	false
accept	804a29	a.i	"$x^2 - 2x - 8$"	"$x^2-2x-8$"	true
accept	804a29	b.ii	"$2, 0$"	"$0, 2$"	false
accept	804a29	c.axis	"$x = 1$"	"$x=1$"	true
accept	804a31	b.notation	"$C' \\cap P'$"	"$P' \\cap C'$"	true
accept	804a31	d.verdict	"No, insufficient vouchers"	"No"	true
accept	804a31	d.verdict	"No, there are not enough vouchers"	"No"	true
accept	804a39	a.i	"$n(2n + 3)$"	"n(2n+3)"	true
accept	804a64	c.ii	"break-even"	"no profit or loss"	false
accept	804a64	c.ii	"neither a profit nor a loss"	"no profit or loss"	false
accept	804a74	c.verdict	"yes"	"Yes"	true
accept	804a7c	c.i	"enough"	"sufficient"	false
accept	804a99	d.i	"No"	"not"	false
accept	804a99	d.i	"insufficient"	"not"	false
accept	804a99	d.i	"no"	"not"	false
accept	804aa6	c.i	"distributive law"	"Distributive property"	false
accept	804aa6	c.i	"multiplication is distributive over addition"	"Distributive property"	false
accept	804aae	b.i	"15/50"	"\\frac{3}{10}"	true
accept	804ab6	a.i	"{Red, Blue, Green}"	"$\\{R, B, G\\}$"	false
accept	804ab6	a.i	"{red, blue, green}"	"$\\{R, B, G\\}$"	false
accept	804ab6	b.i	"\\frac{3}{6}"	"\\frac{1}{2}"	true
accept	804ada	b.i	"$l=\\frac{T^2g}{4\\pi^2}$"	"$l=\\frac{gT^2}{4\\pi^2}$"	true
accept	804ada	d.decision	"no"	"No"	true
accept	804af7	a.i	"x^{2}-2x-3"	"x^2-2x-3"	true
accept	804af7	b.axis	"x = 1"	"x=1"	true
accept	804af7	c.i	"3, -1"	"-1, 3"	false
accept	804af7	c.i	"x = -1, x = 3"	"-1, 3"	true
accept	804af7	c.i	"x=-1, x=3"	"-1, 3"	true
accept	804af7	d.i	"2, 0"	"0, 2"	false
accept	804af7	d.i	"x = 0, x = 2"	"0, 2"	true
accept	804af7	d.i	"x=0, x=2"	"0, 2"	true
accept	804b1c	c.i	"$2$ L per hour"	"$2$ litres per hour"	true
accept	804b1c	c.i	"$2\\text{ L/h}$"	"$2$ litres per hour"	true
accept	804b1c	d.i	"$6\\text{ L}$"	"$6$ litres"	true
accept	804b1c	d.ii	"does not have"	"does not contain"	false
accept	804b1c	d.ii	"does not hold"	"does not contain"	false
accept	804b2c	c.i	"\\frac{1}{5}\\begin{pmatrix}3\\\\4\\end{pmatrix}"	"\\begin{pmatrix}\\frac{3}{5}\\\\\\frac{4}{5}\\end{pmatrix}"	false
accept	8210a8	d.i	"Figure 5"	"5"	true
accept	8210b8	a.i	"spherical solid"	"sphere"	false
accept	8210c0	d.reason	"a positive integer"	"positive whole number"	false
accept	8210c0	d.reason	"a positive whole number"	"positive whole number"	true
accept	8210c0	d.reason	"positive integer"	"positive whole number"	false
accept	8210c0	d.set	"\\mathbb{N}"	"N"	true
accept	8210c0	d.set	"natural number"	"N"	false
accept	8210c0	d.set	"natural numbers"	"N"	false
accept	8210c8	a.ii	"a prime number"	"prime"	true
accept	8210e0	d.i	"\\sqrt[3]{270}\\text{ cm}"	"3\\sqrt[3]{10}\\text{ cm}"	true
accept	8210f0	d.verdict	"No, the clinic standard was not met"	"No"	true
accept	8210f0	d.verdict	"Not met"	"No"	false
accept	8210f8	d.carton_sizes	"$12, 8, 6, 4, 3, 2$"	"$2, 3, 4, 6, 8, 12$"	false
accept	8210f8	d.classification	"a composite number"	"composite"	true
accept	821105	b.i	"$x=1$ and $x=5$"	"1, 5"	true
accept	821105	d.population	"population parameter"	"parameter"	true
accept	821105	d.sample	"sample statistic"	"statistic"	true
accept	82110d	a.i	"the radius"	"radius"	true
accept	82110d	b.i	"r=\\left(\\frac{3V}{4\\pi}\\right)^{\\frac{1}{3}}"	"r=\\sqrt[3]{\\frac{3V}{4\\pi}}"	true
accept	82110d	d.ii	"will not"	"not"	true
accept	821115	a.i	"Package B"	"B"	true
accept	821115	d.i	"a profit"	"profit"	true
accept	821132	b.reason	"angle between a tangent and a chord equals the angle in the alternate segment"	"alternate segment theorem"	false
accept	821132	b.reason	"tangent-chord theorem"	"alternate segment theorem"	false
accept	82116c	c.i	"$3$ L per hour"	"$3$ litres per hour"	true
accept	82116c	c.i	"$3\\text{ L/h}$"	"$3$ litres per hour"	true
accept	82119a	a.i	"3p/4 = 360"	"0.75p = 360"	true
accept	82119a	a.i	"75p = 36 000"	"0.75p = 360"	true
accept	82119a	d.i	"natural number set"	"N"	false
accept	82119a	d.i	"natural numbers"	"N"	false
accept	8211a2	b.term	"statistic"	"sample statistic"	true
accept	8211a2	d.axis	"$t=3$"	"t = 3"	true
accept	8211a2	d.roots	"$t=0$ and $t=6$"	"0, 6"	true
accept	8211a2	d.roots	"0 and 6"	"0, 6"	true
accept	8211af	a.i	"$r=\\left(\\frac{3V}{4\\pi}\\right)^{\\frac{1}{3}}$"	"$r=\\sqrt[3]{\\frac{3V}{4\\pi}}$"	true
accept	8211c1	a.i	"r=\\left(\\frac{3V}{4\\pi}\\right)^{\\frac{1}{3}}"	"r = \\sqrt[3]{\\frac{3V}{4\\pi}}"	true
accept	8211c1	c.i	"parallel lines"	"parallel"	true
accept	8211c1	d.i	"a rectangle"	"rectangle"	true
accept	9a3ff5	b.i	"37.5 km h$^{-1}$"	"37.5 km/h"	true
accept	9cc663	a.centre	"$(0,0)$"	"$O(0,0)$"	true
accept	9cc663	a.centre	"the origin"	"$O(0,0)$"	false
accept	9cc663	a.type	"an enlargement"	"enlargement"	true
accept	9cc663	c.i	"$(12\\pi-9\\sqrt{3})\\text{ square units}$"	"$12\\pi-9\\sqrt{3}\\text{ square units}$"	true
accept	9cc675	c.iii	"accept the offer"	"accept"	true
accept	9cc675	c.iii	"sell"	"accept"	false
accept	9cc685	d.i	"No, the rail is too short"	"No"	true
accept	9cc685	d.i	"no"	"No"	true
accept	9cc68d	d.decision	"No"	"No"	true
accept	9cc6b9	a.i	"$\\frac{3}{4}x$"	"$\\frac{3x}{4}$"	true
accept	9cc6c1	d.i	"I_2"	"I"	false
accept	9cc6c1	d.i	"the identity matrix"	"I"	false
accept	9cc6c9	c.ii	"B"	"Bank B"	true
accept	9cc6de	c.ii	"Rohan, because his semi-interquartile range is smaller"	"Rohan"	true
accept	9cc6e6	c.i	"$x \\in (2,4)$"	"$2<x<4$"	false
accept	9cc703	c.i	"$\\begin{pmatrix}\\frac{2}{5} & -\\frac{1}{5} \\\\ -\\frac{1}{5} & \\frac{3}{5}\\end{pmatrix}$"	"$\\frac{1}{5}\\begin{pmatrix}2 & -1 \\\\ -1 & 3\\end{pmatrix}$"	false
accept	9e8767	a.i	"$\\left(\\frac{3V}{4\\pi}\\right)^{\\frac13}$"	"$\\sqrt[3]{\\frac{3V}{4\\pi}}$"	true
accept	9e878b	c.ii	"alternate segment theorem"	"angle in the alternate segment theorem"	true
accept	9e878b	c.ii	"the tangent-chord theorem"	"angle in the alternate segment theorem"	false
accept	9e87ad	b.i	"7n + 7"	"T_n = 7n + 7"	true
accept	9e87ad	b.i	"T_n=7n+7"	"T_n = 7n + 7"	true
accept	9e87ad	c.classification	"composite number"	"composite"	true
accept	9e87b5	c.population_attribute	"parameter"	"population parameter"	true
accept	9e87b5	c.sample_attribute	"statistic"	"sample statistic"	true
accept	9e87b5	d.i	"$x=1$ and $x=5$"	"1, 5"	true
accept	9e87bd	c.type	"obtuse angle"	"obtuse"	true
accept	9e87e7	c.i	"a parallelogram"	"parallelogram"	true
accept	9e87ef	a.i	"M^2-2M=P"	"P=M^2-2M"	true
accept	9e87f7	d.year	"the year 2025"	"2025"	true
accept	9e881d	b.ii	"$x=4$"	"x = 4"	true
accept	9e881d	d.i	"statistic"	"sample statistic"	true
accept	9e881d	d.ii	"parameter"	"population parameter"	true
accept	9e8825	d.verdict	"no"	"No"	true
accept	9e888a	c.i	"$\\sqrt[3]{\\frac{3x}{4\\pi}}$"	"$\\left(\\frac{3x}{4\\pi}\\right)^{1/3}$"	true
accept	9e889a	d.ii	"is able to"	"can"	false
accept	9e88a2	b.ii	"sample statistic"	"statistic"	true
accept	9e88a2	c.i	"the population"	"population"	true
accept	9e88c1	d.roots	"4, 2"	"2, 4"	false
accept	9e88ce	d.type	"acute angle"	"acute"	true
accept	9e88e3	c.decision	"meets the requirement"	"meets"	true
accept	9e88e3	c.decision	"satisfies the requirement"	"meets"	false
accept	9e88f0	a.ii	"alternate segment theorem"	"angle in the alternate segment"	false
accept	9e88f0	a.ii	"the angle between a tangent and a chord equals the angle in the alternate segment"	"angle in the alternate segment"	true
accept	9e8915	c.ii	"more than"	"greater than"	false
accept	9e891d	c.ii	"a profit"	"profit"	true
accept	9e8925	b.i	"$P=M(M-2)$"	"P=M^2-2M"	true
accept	9e8932	c.i	"C = 11 + 7n"	"C=7n+11"	true
accept	9e893a	a.i	"r=\\left(\\frac{3V}{4\\pi}\\right)^{\\frac{1}{3}}"	"r=\\sqrt[3]{\\frac{3V}{4\\pi}}"	true
accept	9e893a	c.ii	"can"	"will"	false
accept	9e893a	c.iii	"<"	"less than"	false
accept	9e893a	c.iii	"smaller than"	"less than"	false
accept	9e894a	d.midpoint	"not"	"not"	true
accept	9e8957	d.i	"sample mean"	"sample statistic"	false
accept	9e8957	d.i	"statistic"	"sample statistic"	true
accept	9e8957	d.ii	"parameter"	"population parameter"	true
accept	9e8957	d.ii	"population mean"	"population parameter"	false
accept	9e8957	d.iii	"representative of the population"	"representative"	true
accept	9e8957	d.iii	"typical"	"representative"	false
accept	9e895f	c.i	"$x=3$"	"x = 3"	true
accept	9e8967	c.i	"Yes, because 95 bottles exceeds the estimated 90 bottles"	"Yes"	false
accept	9e8974	b.i	"$M=1+3n$"	"M = 3n + 1"	true
accept	9e898e	a.i	"a sphere"	"sphere"	true
accept	9e898e	b.i	"\\sqrt[3]{\\frac{3V}{4\\pi}}"	"r=\\sqrt[3]{\\frac{3V}{4\\pi}}"	true
accept	a9f4c8	d.iii	"is able to"	"can"	false
accept	a9f4d0	d.ii	"same"	"the same"	true
accept	a9f4d0	d.ii	"unchanged"	"the same"	false
accept	a9f4d0	d.iii	"non-congruent"	"not congruent"	false
accept	a9f4d0	d.iv	"two times"	"twice"	false
accept	a9f4e0	a.i	"AN"	"$AN$"	true
accept	a9f4e0	c.i	"divides into two equal parts"	"bisects"	false
accept	a9f4e0	d.iii	"insufficient"	"not"	false
accept	a9f4e8	d.ii	"$3x - y = 6$"	"$y = 3x - 6$"	true
accept	a9f505	a.i	"$c+b=-1, c+5b=-25$"	"$b+c=-1, 5b+c=-25$"	true
accept	a9f505	b.i	"$c=5, b=-6$"	"$b=-6, c=5$"	false
accept	a9f505	d.i	"$2$ batches or $4$ batches"	"$x=2,4$"	true
accept	a9f51d	d.i	"No."	"No"	true
accept	a9f52a	b.i	"$30-39$, $40-49$"	"$30-39$ and $40-49$"	true
accept	a9f52a	b.i	"30-39 and 40-49"	"$30-39$ and $40-49$"	true
accept	a9f52a	b.ii	"30-39"	"$30-39$"	true
accept	a9f556	d.decision	"It will not"	"No"	false
accept	a9f556	d.decision	"No, it will not"	"No"	true
accept	a9f570	a.i	"$\\{A,D,K,M,J,N,R,S\\}$"	"$\\{A,D,K,R,S,M,J,N\\}$"	true
accept	a9f570	b.i	"$\\{A,D,K,J,M,N\\}$"	"$\\{A,D,K,M,J,N\\}$"	true
accept	a9f570	c.i	"$\\{\\{A,K\\},\\{A,D\\},\\{D,K\\}\\}$"	"$\\{\\{A,D\\},\\{A,K\\},\\{D,K\\}\\}$"	true
accept	a9f570	c.i	"$\\{\\{D,A\\},\\{K,A\\},\\{K,D\\}\\}$"	"$\\{\\{A,D\\},\\{A,K\\},\\{D,K\\}\\}$"	true
accept	a9f570	d.i	"yes"	"Yes"	true
accept	a9f592	d.iii	"No"	"false"	false
accept	a9f592	d.iii	"incorrect"	"false"	false
accept	a9f592	d.iii	"not true"	"false"	false
accept	a9f59f	d.i	"Similar"	"similar"	true
accept	a9f59f	d.iii	"Congruent"	"congruent"	true
accept	a9f59f	d.v	"same"	"the same"	true
accept	a9f59f	d.v	"unchanged"	"the same"	false
accept	a9f5a7	d.verdict	"YES"	"Yes"	true
accept	a9f5af	d.ii	"four lines of symmetry and rotational symmetry of order four"	"4 lines of symmetry and rotational symmetry of order 4"	false
accept	a9f5bc	d.verdict	"No, Devon is not correct"	"No"	true
accept	b1a58c	c.i	"B, C, A"	"Heat B, Heat C, Heat A"	false
accept	b1a5d9	d.centre	"$O$"	"the origin"	false
accept	b1a5d9	d.centre	"centre $O$"	"the origin"	false
accept	b1a5d9	d.centre	"origin $(0,0)$"	"the origin"	false
accept	b1a5d9	d.type	"an enlargement"	"enlargement"	true
accept	b1a603	d.i	"Yes, because the fee is \\$45"	"Yes"	false
accept	b1a620	b.i	"$y = 4x$"	"$y=4x$"	true
accept	b1a620	d.ii	"row arrangement"	"row"	true
accept	b1a620	d.ii	"row formation"	"row"	true
accept	b1a628	c.i	"Devon"	"Devon"	true
accept	b1a63a	d.profit	"$2 600"	"$26$ hundred dollars"	false
accept	b1a63a	d.profit	"$2600"	"$26$ hundred dollars"	false
accept	b1a63a	d.profit	"2600 dollars"	"$26$ hundred dollars"	false
accept	b1a668	b.centre	"$(0,0)$"	"$O(0,0)$"	true
accept	b1a668	b.centre	"the origin"	"$O(0,0)$"	false
accept	b1a668	b.type	"an enlargement"	"enlargement"	true
accept	b1a6be	c.i	"nonsingular"	"non-singular"	false
accept	b1a6be	d.i	"yes"	"Yes"	true
accept	b6c955	a.i	"$4\\mathbf{b}-\\mathbf{a}$"	"$-\\mathbf{a}+4\\mathbf{b}$"	true
accept	b7706f	d.difference	"\\$491.84 excess"	"\\$491.84 remaining"	false
accept	b7706f	d.difference	"\\$491.84 left"	"\\$491.84 remaining"	false
accept	b7706f	d.status	"sufficient"	"enough"	false
accept	b77094	d.i	"Correct"	"Yes"	false
accept	b77094	d.i	"yes"	"Yes"	true
accept	b7709e	c.ii	"accept the agreement"	"accept"	true
accept	c0becb	b.ii	"yes"	"Yes"	true
accept	c0becb	d.i	"2 days"	"$2$ days"	true
accept	c0bed3	d.i	"Yes, exactly enough"	"Yes"	true
accept	c0bed3	d.i	"Yes, the bags are enough"	"Yes"	true
accept	c0bfba	c.i	"$f^{-1}(x)=2+\\sqrt{x-1},\\ 1\\le x\\le17$"	"$f^{-1}:x\\to2+\\sqrt{x-1},\\ 1\\le x\\le17$"	true
accept	c0bfe1	d.ii	"yes"	"Yes"	true
accept	c0bfe9	c.decision	"YES"	"Yes"	true
accept	c0bfe9	c.decision	"yes"	"Yes"	true
accept	c0c035	b.i	"$C=8\\times D$"	"$C=8D$"	true
accept	c0c035	c.i	"$W=12n^{-1}$"	"$W=\\frac{12}{n}$"	true
accept	c0c03d	b.i	"$0.4$"	"$\\frac{2}{5}$"	true
accept	c0c03d	b.i	"$\\frac{12}{30}$"	"$\\frac{2}{5}$"	true
accept	c0c03d	d.i	"$C = 18 + 3x$"	"$C = 3x + 18$"	true
accept	c0c045	c.mode	"bus"	"Bus"	true
accept	c0c05d	d.i	"No, Devon is not correct"	"No"	true
accept	c0c08e	a.i	"$\\frac{h}{12}$"	"$\\frac{BC}{AB}$"	false
accept	c0c08e	d.i	"6 of each type"	"6 vertical poles and 6 diagonal poles"	false
accept	c0c0d6	a.i	"$\\tan 30^\\circ = \\frac{QR}{PQ}$"	"$\\tan 30^\\circ = \\frac{QR}{6}$"	false
accept	c0c0d6	d.i	"$\\frac{3}{2\\sqrt{3}}$"	"$\\frac{\\sqrt{3}}{2}$"	true
accept	c0c0ed	b.type	"reflection in a line"	"reflection"	true
accept	c0c102	c.ii	"$J' \\cap P'$"	"$(J \\cup P)'$"	false
accept	c29c20	b.ii	"a lower standard deviation"	"the smaller standard deviation"	false
accept	c29c20	b.ii	"the lowest standard deviation"	"the smaller standard deviation"	false
accept	c75c59	d.average	"the median"	"median"	true
accept	c75c61	d.average	"the mode"	"mode"	true
accept	c75c69	d.average	"the median"	"median"	true
accept	d0dc6a	d.iii	"does not guarantee"	"does not"	true
accept	d0dc72	d.decision	"Accepted"	"Yes"	false
accept	d0dc87	d.ii	"non-parallel"	"not parallel"	false
accept	d0dc8f	d.ii	"not enough"	"insufficient"	false
accept	d0dc8f	d.ii	"not sufficient"	"insufficient"	false
accept	d0dcb1	a.i	"$7n - 4n - 18$"	"$7n-18-4n$"	true
accept	d0dccb	c.comparison	"greater"	"more"	false
accept	d0dccb	c.decision	"should make the arrangement"	"should"	true
accept	d0dccb	c.decision	"should make"	"should"	true
accept	d0dccb	c.decision	"will"	"should"	false
accept	d0dcd3	c.i	"$(2.5,2)$"	"$\\left(\\frac{5}{2},2\\right)$"	true
accept	d0dce8	a.i	"line $AC$"	"$AC$"	true
accept	d0dce8	a.ii	"order $1$"	"$1$"	true
accept	d0dd12	a.i	"$-(t-3)^2+12$"	"$12-(t-3)^2$"	true
accept	d0dd12	b.iii	"downward"	"downwards"	false
accept	d0dd12	c.i	"from $t=1$ to $t=5$ hours inclusive"	"$1\\le t\\le5$"	false
accept	d0dd12	d.ii	"rising"	"increasing"	false
accept	d0dd1a	c.median_class	"$20 \\leq t < 30$"	"20-29 min"	false
accept	d0dd1a	c.median_class	"20-29 minutes"	"20-29 min"	true
accept	d0dd1a	c.modal_class	"$20 \\leq t < 30$"	"20-29 min"	false
accept	d0dd1a	c.modal_class	"20-29 minutes"	"20-29 min"	true
accept	d0dd1a	d.claim	"false"	"false"	true
accept	d0dd1a	d.claim	"incorrect"	"false"	false
accept	d0dd1a	d.claim	"not valid"	"false"	false
accept	d0dd1a	d.claim	"untrue"	"false"	false
accept	d0dd9b	d.i	"\\begin{pmatrix}\\frac{2\\sqrt{29}}{29}\\\\\\frac{5\\sqrt{29}}{29}\\end{pmatrix}"	"\\begin{pmatrix}\\frac{2}{\\sqrt{29}}\\\\\\frac{5}{\\sqrt{29}}\\end{pmatrix}"	true
accept	d0ddb0	d.verdict	"Yes, they are parallel"	"Yes"	true
accept	d0ddb8	c.ii	"PN"	"$PN$"	true
accept	d16f32	d.verdict	"did exceed"	"exceeded"	false
accept	d16f32	d.verdict	"yes"	"exceeded"	false
accept	d16f3a	c.comparison	"the same as"	"equal to"	false
accept	d16f3a	c.delivery	"must be"	"will"	false
accept	d16f3a	c.delivery	"must"	"will"	false
accept	d16f3a	c.delivery	"should be"	"will"	false
accept	d16f3a	c.delivery	"should"	"will"	false
accept	d16f3a	c.delivery	"will be"	"will"	true
accept	d16f47	a.i	"$l = g\\left(\\frac{T}{2\\pi}\\right)^2$"	"$l = \\frac{gT^2}{4\\pi^2}$"	true
accept	d16f4f	c.i	"statistic"	"sample statistic"	true
accept	d16f4f	c.ii	"parameter"	"population parameter"	true
accept	d16f6c	c.i	"$x = 3$"	"$x=3$"	true
accept	d16f74	b.interval	"10 to less than 15 minutes"	"$10 \\le t < 15$ minutes"	false
accept	d16f74	b.interval	"10–14 minutes"	"$10 \\le t < 15$ minutes"	false
accept	d16f7c	a.i	"r=\\left(\\frac{3V}{4\\pi}\\right)^{\\frac{1}{3}}"	"r=\\sqrt[3]{\\frac{3V}{4\\pi}}"	true
accept	d16f7c	d.decision	"no"	"not"	false
accept	d16f7c	d.decision	"will not"	"not"	true
accept	d16f89	c.ii	"Correct"	"Yes"	false
accept	d16f89	c.ii	"Yes, he is correct"	"Yes"	true
accept	d16f91	d.i	"$x=0,1,2,3$"	"\\{0,1,2,3\\}"	true
accept	d16fbd	c.i	"sample statistic"	"statistic"	true
accept	d16fbd	c.ii	"population parameter"	"parameter"	true
accept	d16fca	a.i	"r=\\left(\\dfrac{3V}{4\\pi}\\right)^{\\frac13}"	"r=\\sqrt[3]{\\dfrac{3V}{4\\pi}}"	true
accept	d16fca	d.i	"Fits"	"Yes"	false
accept	d16fca	d.i	"It will fit"	"Yes"	false
accept	d16fdf	a.i	"$15x+120=27x$"	"27x=120+15x"	true
accept	d16ffc	c.ii	"middle point"	"midpoint"	false
accept	d17011	b.i	"(x-3)^2"	"x^2-6x+9"	true
accept	d17011	c.i	"$1 \\leq x \\leq 5$"	"1\\leq x\\leq5"	true
accept	d17011	c.i	"$x\\in[1,5]$"	"1\\leq x\\leq5"	false
accept	d17011	d.axis	"$x = 3$"	"x=3"	true
accept	d17038	a.i	"(0, 12)"	"(0,12)"	true
accept	d17038	b.i	"B = 12 - 2x"	"B=-2x+12"	true
accept	d17038	c.i	"(6, 0)"	"(6,0)"	true
accept	d17038	d.comparison	"more steep"	"steeper"	false
accept	d1704a	c.i	"true"	"correct"	false
accept	d17052	b.i	"r=\\left(\\frac{3V}{4\\pi}\\right)^{\\frac13}"	"r=\\sqrt[3]{\\frac{3V}{4\\pi}}"	true
accept	d1706f	c.verdict	"not"	"not"	true
accept	d1707c	b.i	"$2$ and $6$"	"2, 6"	true
accept	d1707c	d.axis	"$x=4$"	"x = 4"	true
accept	d1707c	e.population_attribute	"a parameter"	"population parameter"	true
accept	d1707c	e.sample_attribute	"a statistic"	"sample statistic"	true
accept	d2fe2d	a.i	"$\\frac{9}{16}$"	"$\\frac{9}{16}$"	true
accept	d2fe4b	a.i	"$70°$"	"$70°$"	true
accept	d2fe4b	a.i	"70°"	"$70°$"	true
accept	d2fe55	a.i	"$21$"	"$21$"	true
accept	d2fe55	a.i	"21"	"$21$"	true
accept	d2fe5f	a.i	"\\$90"	"\\$90"	true
accept	d2fe69	a.i	"$7.2$ km/h"	"$7.2$ km/h"	true
accept	d2fe69	a.i	"7.2 km/h"	"$7.2$ km/h"	true
accept	d2fea2	a.i	"$A$, $O$ and $B$ are collinear, with $O$ between $A$ and $B$."	"$A$, $O$ and $B$ are collinear, with $O$ between $A$ and $B$."	true
accept	d2fec0	a.i	"$40$ ticket holders"	"$40$ ticket holders"	true
accept	d2fec0	a.i	"40"	"$40$ ticket holders"	true
accept	d2feca	a.i	"$\\sqrt{17}$"	"$\\sqrt{17}$"	true
accept	d2fed4	a.i	"16"	"16"	true
accept	d2fede	a.i	"24"	"24"	true
accept	d2fee8	a.i	"The $x$-intercept is $(3,0)$ and the $y$-intercept is $(0,-15)$."	"The $x$-intercept is $(3,0)$ and the $y$-intercept is $(0,-15)$."	true
accept	d2fef2	a.i	"A closed circle at $-4$, with shading to the right."	"A closed circle at $-4$, with shading to the right."	true
accept	d2ff10	a.i	"\\$5 000"	"\\$5 000"	true
accept	d2ff21	a.i	"$48\\text{ m/h}$"	"$48\\text{ m/h}$"	true
accept	d2ff3f	a.i	"3"	"$3$"	true
accept	d2ff61	a.i	"$4 \\times 6$"	"$4 \\times 6$"	true
accept	d2ff6b	a.i	"$\\frac{1}{4}$"	"$\\frac{1}{4}$"	true
accept	d2ff75	a.i	"$\\frac{3}{2}$"	"$\\frac{3}{2}$"	true
accept	d2ff7f	a.i	"$-2y - 4 \\le 10$"	"$-2y - 4 \\le 10$"	true
accept	d2ff89	a.i	"$105°$"	"$105°$"	true
accept	d2ff89	a.i	"105°"	"$105°$"	true
accept	d2ff93	a.i	"$5$"	"$5$"	true
accept	d2ff93	a.i	"5"	"$5$"	true
accept	d2ff9d	a.i	"$\\{x\\in\\mathbb{R}:9\\leq x\\leq12\\}$"	"$\\{x\\in\\mathbb{R}:9\\leq x\\leq12\\}$"	true
accept	d2ffb1	a.i	"\\$85.80"	"\\$85.80"	true
accept	d2ffbb	a.i	"$15$ minutes"	"$15$ minutes"	true
accept	d2ffed	a.i	"$\\{n \\in \\mathbb{N}: 3 \\le n \\le 6\\}$"	"$\\{n \\in \\mathbb{N}: 3 \\le n \\le 6\\}$"	true
accept	d2fff7	a.i	"$045°$"	"$045°$"	true
accept	d2fff7	a.i	"045°"	"$045°$"	true
accept	d586da	a.average	"the median"	"median"	true
accept	d9c1f8	a.i	"l = g\\left(\\frac{T}{2\\pi}\\right)^2"	"l = \\frac{gT^2}{4\\pi^2}"	true
accept	d9c1f8	c.i	"does not fit"	"will not fit"	false
accept	d9c1f8	c.i	"will not fit inside"	"will not fit"	true
accept	d9c205	d.i	"sample mean"	"sample statistic"	false
accept	d9c205	d.ii	"population mean"	"population parameter"	false
accept	d9c20d	c.i	"inverse functions"	"inverse"	true
accept	d9c20d	c.ii	"(x-1)/2"	"\\frac{x-1}{2}"	true
accept	d9c20d	c.ii	"\\frac{1}{2}x-\\frac{1}{2}"	"\\frac{x-1}{2}"	true
accept	d9c237	c.verdict	"No"	"incorrect"	false
accept	d9c237	c.verdict	"not correct"	"incorrect"	false
accept	d9c254	c.i	"-\\mathbf{a}+2\\mathbf{b}"	"2\\mathbf{b}-\\mathbf{a}"	true
accept	d9c254	c.ii	"-\\mathbf{a}+2\\mathbf{b}"	"2\\mathbf{b}-\\mathbf{a}"	true
accept	d9c264	d.i	"No"	"cannot"	false
accept	d9c264	d.i	"cannot afford to"	"cannot"	true
accept	d9c276	d.verdict	"Yes, it can be installed"	"Yes"	true
accept	d9c290	a.i	"r=\\left(\\frac{3V}{4\\pi}\\right)^{\\frac13}"	"r=\\sqrt[3]{\\frac{3V}{4\\pi}}"	true
accept	d9c290	c.i	"Model B"	"B"	true
accept	d9c2aa	d.i	"$\\{J\\spadesuit,\\ Q\\spadesuit,\\ K\\spadesuit,\\ J\\clubsuit,\\ Q\\clubsuit,\\ K\\clubsuit\\}$"	"$\\{J\\clubsuit,\\ Q\\clubsuit,\\ K\\clubsuit,\\ J\\spadesuit,\\ Q\\spadesuit,\\ K\\spadesuit\\}$"	true
accept	d9c2aa	d.ii	"$0.5$"	"$\\frac{1}{2}$"	true
accept	d9c2c9	c.decision	"accepted"	"Yes"	false
accept	d9c2ed	b.i	"1.25 h"	"1 h 15 min"	false
accept	d9c2ed	b.i	"75 min"	"1 h 15 min"	false
accept	d9c2ed	c.verdict	"does arrive before 10:30 a.m."	"does"	false
accept	d9c2ed	c.verdict	"will"	"does"	false
accept	d9c305	a.i	"0.34375"	"11/32"	true
accept	d9c305	a.i	"55/160"	"11/32"	true
accept	d9c305	b.i	"0.375"	"3/8"	true
accept	d9c305	b.ii	"0.140625"	"9/64"	true
accept	d9c305	c.ii	"higher"	"greater"	false
accept	d9c305	c.ii	"more"	"greater"	false
accept	d9c30d	c.decision	"yes"	"can"	false
accept	d9c30d	c.reason	"less than or equal to"	"less than"	true
accept	d9c315	b.i	"3n + 2"	"D = 3n + 2"	true
accept	d9c32a	a.i	"r=\\left(\\frac{3V}{4\\pi}\\right)^{\\frac{1}{3}}"	"r=\\sqrt[3]{\\frac{3V}{4\\pi}}"	true
accept	d9c32a	c.verdict	"No, it is not accepted"	"No"	true
accept	d9c32a	c.verdict	"not acceptable"	"No"	false
accept	d9c32a	d.i	"\\frac{508}{3}\\pi cm^3"	"\\frac{508\\pi}{3} cm^3"	true
accept	d9c337	c.ii	"Multiples of 4 which are not multiples of 3"	"Crate numbers divisible by 4 but not divisible by 3"	false
accept	d9c337	c.ii	"Numbers from 1 to 36 which are divisible by 4 but not by 3"	"Crate numbers divisible by 4 but not divisible by 3"	false
accept	d9c35e	c.i	"0.5x-1.5"	"\\frac{x-3}{2}"	true
accept	d9c35e	c.i	"\\frac{1}{2}(x-3)"	"\\frac{x-3}{2}"	true
accept	d9c35e	d.i	"x=y"	"y=x"	true
accept	d9c380	b.i	"24 + 6m = 90"	"6m + 24 = 90"	true
accept	d9c380	b.i	"6m = 66"	"6m + 24 = 90"	true
accept	d9c388	b.i	"$\\sqrt{52}$"	"$2\\sqrt{13}$"	true
accept	d9c3ac	b.i	"2 by 4"	"2 \\times 4"	false
accept	d9c3ac	c.i	"non-square"	"rectangular"	false
accept	d9c3c1	d.verdict	"Yes, they do"	"Yes"	true
accept	d9c3db	a.i	"\\{(1,H),(2,H),(3,H),(4,H),(1,T),(2,T),(3,T),(4,T)\\}"	"\\{(1,H),(1,T),(2,H),(2,T),(3,H),(3,T),(4,H),(4,T)\\}"	true
accept	d9c3db	b.i	"\\{(2,H),(1,H)\\}"	"\\{(1,H),(2,H)\\}"	true
accept	d9c3db	d.decision	"yes"	"Yes"	true
accept	d9c40e	d.i	"a loss"	"loss"	true
accept	d9c41e	b.i	"l=g\\left(\\frac{T}{2\\pi}\\right)^2"	"l=\\frac{gT^2}{4\\pi^2}"	true
accept	e5141b	a.day	"Monday"	"Monday"	true
accept	fe84af	c.i	"4x^2+4x+1"	"(2x+1)^2"	true
accept	fe84b7	b.i	"3n + 2"	"T = 3n + 2"	true
accept	fe84b7	b.i	"T=3n+2"	"T = 3n + 2"	true
accept	fe84c4	d.verdict	"not a tangent"	"No"	false
accept	fe84cc	c.i	"No, it is not long enough"	"No"	true
accept	fe84d4	a.i	"$20\\%$"	"$0.2$"	true
accept	fe84d4	a.i	"$\\frac{1}{5}$"	"$0.2$"	true
accept	fe84d4	b.i	"$8\\%$"	"$0.08$"	true
accept	fe84d4	b.i	"$\\frac{2}{25}$"	"$0.08$"	true
accept	fe84d4	c.i	"$6\\%$"	"$0.06$"	true
accept	fe84d4	c.i	"$\\frac{3}{50}$"	"$0.06$"	true
accept	fe84d4	d.ii	">"	"greater than"	false
accept	fe84d4	d.ii	"more than"	"greater than"	false
accept	fe84d4	d.iii	"should not"	"not"	true
attempt	037c66	a.i	"1.6, 9/5, 2, 11/5"	"$1.6, \\frac{9}{5}, 2.0, \\frac{11}{5}$"	true
attempt	037c66	a.i	"1.6,(9/5),2.0,(11/5) ​"	"$1.6, \\frac{9}{5}, 2.0, \\frac{11}{5}$"	true
attempt	037c66	a.i	"1.6,9/5,2.0,11/5"	"$1.6, \\frac{9}{5}, 2.0, \\frac{11}{5}$"	true
attempt	037c66	b.i	"0.2(n-1) + 1.6"	"$T_n=0.2n+1.4$"	true
attempt	037c66	b.i	"0.2m+1.4"	"$T_n=0.2n+1.4$"	false
attempt	037c66	b.i	"1.6+0.2(n−1)"	"$T_n=0.2n+1.4$"	true
attempt	037c66	d.i	"23"	"$23$"	true
attempt	037c6e	a.i	"729.67"	"81 kg"	false
attempt	037c6e	a.i	"81"	"81 kg"	true
attempt	037c6e	a.i	"81kg"	"81 kg"	true
attempt	037c6e	b.shares	"162.15, 243.22, 324.30"	"18 kg, 27 kg, 36 kg"	false
attempt	037c6e	b.shares	"18, 27, 36"	"18 kg, 27 kg, 36 kg"	true
attempt	037c6e	b.shares	"18kg,27kg,36kg"	"18 kg, 27 kg, 36 kg"	true
attempt	037c6e	d.i	"1"	"1 bag per day"	true
attempt	037c88	b.i	"16"	"16"	true
attempt	037c88	b.ii	"1600"	"\\$1 600"	true
attempt	037c88	c.i	"240"	"\\$240"	true
attempt	037c88	d.i	"1840"	"\\$1 840"	true
attempt	0ab933	a.i	"144000"	"144 000"	true
attempt	0ab933	b.i	"0.88"	"1 056 000"	false
attempt	0ab933	b.i	"1056000"	"1 056 000"	true
attempt	0ab933	b.i	"88%"	"1 056 000"	false
attempt	0ab933	b.ii	"1000000"	"88%"	false
attempt	0ab933	b.ii	"1056000"	"88%"	false
attempt	0ab933	b.ii	"88%"	"88%"	true
attempt	0ab933	c.ii	"2.4 * 10^4"	"$2.4 \\times 10^4$"	true
attempt	0ab933	c.ii	"2.4 x 10^4"	"$2.4 \\times 10^4$"	true
attempt	0ab933	c.ii	"2.4x10^4"	"$2.4 \\times 10^4$"	false
attempt	0ab933	c.ii	"2.4×10^4"	"$2.4 \\times 10^4$"	true
attempt	0ab933	c.ii	"No"	"$2.4 \\times 10^4$"	false
attempt	0ab945	a.i	"3²"	"5"	false
attempt	0ab945	b.axis	"0"	"$t=3$"	false
attempt	0ab945	b.maximum	"6³"	"9"	false
attempt	0ab945	c.i	"10"	"$5$ seconds"	false
attempt	0ab945	d.composite	"1"	"$gf(t)=-(t-3)^2+4$"	false
attempt	0ab945	d.number	"1"	"2"	false
attempt	220c3b	a.i	"0.05"	"$0.05\\text{ m}$"	true
attempt	2f9272	a.x	"2"	"2"	true
attempt	2f9272	a.y	"2"	"2"	true
attempt	2f9272	b.i	"[9, 2]"	"\\begin{pmatrix}9\\\\2\\end{pmatrix}"	true
attempt	2f9272	c.i	"[7, 8]"	"\\begin{pmatrix}7\\\\8\\end{pmatrix}"	true
attempt	2f9272	d.i	"[2/sqrt(29), 5/sqrt(29)]"	"\\begin{pmatrix}\\frac{2}{\\sqrt{29}}\\\\\\frac{5}{\\sqrt{29}}\\end{pmatrix}"	true
attempt	4af6d2	a.i	"3"	"3"	true
attempt	4af6d2	a.ii	"5"	"5"	true
attempt	4af6d2	a.iii	"7"	"7"	true
attempt	4af6d2	a.iv	"4"	"4"	true
attempt	4af6d2	a.v	"1"	"1"	true
attempt	4af6d2	b.mean	"3.95"	"3.95"	true
attempt	4af6d2	b.median	"4"	"4"	true
attempt	4af6d2	b.mode	"4"	"4"	true
attempt	4af6d2	c.comparison	"more"	"more"	true
attempt	4af6d2	c.days	"7"	"7"	true
attempt	4af6d2	c.decision	"will"	"should"	false
attempt	5cb2e6	a.i	"75 pi square meters"	"$75\\pi\\text{ m}^2$"	true
attempt	5cb2e6	c.i	"10 sqrt(2) meters"	"$10\\sqrt{2}\\text{ m}$"	true
attempt	5cb2e6	d.i	"(250√2π)/3 m³"	"$\\frac{250\\sqrt{2}\\pi}{3}\\text{ m}^3$"	true
attempt	5cb2fb	b.i	"4"	"$4\\text{ cm}$"	true
attempt	5cb2fb	c.i	"25 cm²"	"$25\\text{ cm}^2$"	true
attempt	5cb2fb	d.i	"78.5 cm²"	"$78.5\\text{ cm}^2$"	true
attempt	5cb2fb	d.ii	"180 degrees"	"$180^\\circ$"	true
attempt	5d3d6c	a.x	"2"	"2"	true
attempt	5d3d6c	a.y	"2"	"2"	true
attempt	5d3d6c	b.i	"[9, 2]"	"\\begin{pmatrix}9\\\\2\\end{pmatrix}"	true
attempt	5d3d6c	c.i	"[7, 8]"	"\\begin{pmatrix}7\\\\8\\end{pmatrix}"	true
attempt	5d3d6c	d.i	"[2/sqrt29, 5/sqrt29]"	"\\begin{pmatrix}\\frac{2}{\\sqrt{29}}\\\\\\frac{5}{\\sqrt{29}}\\end{pmatrix}"	false
attempt	620313	a.i	"432"	"432"	true
attempt	620313	b.i	"168"	"168"	true
attempt	620313	b.ii	"25"	"25"	true
attempt	620313	b.iii	"600"	"600"	true
attempt	620313	c.i	"75"	"75"	true
attempt	620313	d.i	"10"	"10"	true
attempt	620313	d.ii	"5"	"5"	true
attempt	821070	a.i	"16"	"16"	true
attempt	821070	a.i	"4"	"16"	false
attempt	821070	b.i	"300"	"\\$400"	false
attempt	821070	b.i	"4"	"\\$400"	false
attempt	821070	b.i	"400"	"\\$400"	true
attempt	821070	c.i	"15%"	"15%"	true
attempt	821070	c.i	"20"	"15%"	false
attempt	821070	c.i	"4"	"15%"	false
attempt	821070	c.i	"60"	"15%"	false
attempt	8210d8	a.i	"30,000 meters"	"$30\\,000\\text{ m}$"	true
attempt	8210d8	b.i	"45 minutes"	"$45\\text{ min}$"	true
attempt	8210d8	c.i	"34.3"	"$34.3\\text{ km/h}$"	true
attempt	8210d8	d.i	"303.75"	"\\$303.75"	true
attempt	9cc6c1	a.i	"[2, 0, 0, 2]"	"\\begin{pmatrix}2 & 0 \\\\ 0 & 2\\end{pmatrix}"	true
attempt	9cc6c1	b.i	"[0, 2, -2, 0]"	"\\begin{pmatrix}0 & -2 \\\\ 2 & 0\\end{pmatrix}"	false
attempt	9cc6c1	c.i	"[0, -0.5, 0.5, 0]"	"\\begin{pmatrix}0 & \\frac{1}{2} \\\\ -\\frac{1}{2} & 0\\end{pmatrix}"	false
attempt	9cc6c1	d.i	"I"	"I"	true
attempt	9cc6c1	d.ii	"(-3, -4)"	"$(3,4)$"	false
attempt	9e8767	a.i	"∛(3V/(4π))"	"$\\sqrt[3]{\\frac{3V}{4\\pi}}$"	true
attempt	9e8767	b.i	"6 cm"	"$6\\text{ cm}$"	true
attempt	9e8767	c.i	"[-18, 12]"	"$\\begin{pmatrix}-18\\\\12\\end{pmatrix}$"	true
attempt	9e877e	a.i	"144000"	"12"	false
attempt	9e877e	b.i	"88%"	"\\$180"	false
attempt	9e877e	c.i	"24000"	"12 bags"	false
attempt	9e87bd	a.i	"d"	"108°"	false
attempt	9e87bd	b.i	"d"	"108°"	false
attempt	9e87bd	d.i	"d"	"18°"	false
attempt	9e88e3	a.i	"d"	"40"	false
attempt	9e88e3	b.i	"d"	"80\\%"	false
attempt	9e88e3	c.decision	"s"	"meets"	false
attempt	9e88e3	c.minimum	"s"	"30"	false
attempt	a9f5af	a.i	"5"	"$14\\text{ cm}$"	false
attempt	a9f5af	b.i	"5"	"$124\\text{ cm}$"	false
attempt	a9f5af	c.i	"5"	"$31\\text{ cm}$"	false
attempt	a9f5af	d.i	"5"	"$31\\sqrt{2}$"	false
attempt	a9f5af	d.ii	"5"	"4 lines of symmetry and rotational symmetry of order 4"	false
attempt	b1a5fb	a.i	"500"	"\\$500"	true
attempt	b1a5fb	c.i	"6.4 percent more"	"$6.4\\%$ more"	false
attempt	b1a63a	b.i	"(0,16) and (6,4)"	"$(0,16)$ and $(6,4)$"	true
attempt	b1a63a	d.profit	"2600"	"$26$ hundred dollars"	true
attempt	b1a668	b.centre	"0,0"	"$O(0,0)$"	true
attempt	b1a668	b.factor	"2"	"$2$"	true
attempt	b1a668	b.type	"enlargement"	"enlargement"	true
attempt	b1a668	c.A''	"(8, -6)"	"$(8,-6)$"	true
attempt	b1a668	c.B''	"(8, 6)"	"$(8,6)$"	true
attempt	b1a668	d.i	"73.7°, 53.1"	"$73.7°, 53.1°$"	true
attempt	b1a692	b.i	"68 meters"	"$68\\text{ m}$"	true
attempt	b1a692	c.i	"40 centimeter"	"$40\\text{ m}$"	false
attempt	b1a692	d.i	"164"	"$164^\\circ$"	true
attempt	c0bf0b	a.i	"24"	"24"	true
attempt	c0bf0b	b.i	"2^3 x 3"	"$2^3 \\times 3$"	true
attempt	c0bf0b	b.i	"70"	"$2^3 \\times 3$"	false
attempt	c0bf0b	b.ii	"2^2 x 3^2"	"$2^2 \\times 3^2$"	true
attempt	c0bf0b	b.ii	"5"	"$2^2 \\times 3^2$"	false
attempt	c0bf0b	b.iii	"10"	"12"	false
attempt	c0bf0b	b.iii	"12"	"12"	true
attempt	c0bfa2	a.i	"12+6x"	"$6x+12$"	true
attempt	c0c009	b.i	"[2, 0, 0, 2]"	"$\\begin{pmatrix}0&2\\\\2&0\\end{pmatrix}$"	false
attempt	c0c009	c.i	"[0, 1/2, 0.5, 0]"	"$\\begin{pmatrix}0&\\frac{1}{2}\\\\\\frac{1}{2}&0\\end{pmatrix}$"	true
attempt	c0c009	d.i	"[5, 3]"	"$\\begin{pmatrix}3\\\\5\\end{pmatrix}$"	false
attempt	c0c05d	a.i	"3/8"	"$\\frac{3}{8}$"	true
attempt	c0c05d	a.i	"37.5/100"	"$\\frac{3}{8}$"	true
attempt	c0c05d	a.i	"5"	"$\\frac{3}{8}$"	false
attempt	c0c05d	a.i	"7"	"$\\frac{3}{8}$"	false
attempt	c0c05d	b.i	"36"	"36"	true
attempt	c0c05d	b.i	"5"	"36"	false
attempt	c0c05d	b.i	"8"	"36"	false
attempt	c0c05d	c.i	"1, 36"	"$1,36$"	true
attempt	c0c05d	c.i	"2, 3"	"$1,36$"	false
attempt	c0c05d	c.i	"7, I"	"$1,36$"	false
attempt	c0c05d	c.ii	"2, 18"	"$2,18$"	true
attempt	c0c05d	c.ii	"5, 7"	"$2,18$"	false
attempt	c0c05d	c.ii	"7, O"	"$2,18$"	false
attempt	c0c05d	c.iii	"3, 12"	"$3,12$"	true
attempt	c0c05d	c.iii	"3, 9"	"$3,12$"	false
attempt	c0c05d	c.iii	"H, U"	"$3,12$"	false
attempt	c0c05d	c.iv	"4, 10"	"$4,9$"	false
attempt	c0c05d	c.iv	"4, 9"	"$4,9$"	true
attempt	c0c05d	c.iv	"7, 9"	"$4,9$"	false
attempt	c0c05d	c.iv	"7, U"	"$4,9$"	false
attempt	c0c05d	c.iv	"8, I"	"$4,9$"	false
attempt	c0c05d	d.i	"No"	"No"	true
attempt	c0c05d	d.i	"Y"	"No"	false
attempt	c0c05d	d.i	"Yes"	"No"	false
attempt	c0c05d	d.i	"yes"	"No"	false
attempt	d0dc6a	a.i	"10"	"$24\\text{ m} \\times 16\\text{ m}$"	false
attempt	d0dc6a	a.i	"24m by 16m"	"$24\\text{ m} \\times 16\\text{ m}$"	true
attempt	d0dc6a	a.i	"24m x 16m"	"$24\\text{ m} \\times 16\\text{ m}$"	true
attempt	d0dc6a	a.i	"24m × 16m"	"$24\\text{ m} \\times 16\\text{ m}$"	true
attempt	d0dc6a	a.i	"5³"	"$24\\text{ m} \\times 16\\text{ m}$"	false
attempt	d0dc6a	a.ii	"34.5"	"$8\\text{ m} \\times 6\\text{ m}$"	false
attempt	d0dc6a	a.ii	"7³"	"$8\\text{ m} \\times 6\\text{ m}$"	false
attempt	d0dc6a	a.ii	"8m * 6cm"	"$8\\text{ m} \\times 6\\text{ m}$"	false
attempt	d0dc6a	a.ii	"8m by 6m"	"$8\\text{ m} \\times 6\\text{ m}$"	true
attempt	d0dc6a	a.ii	"8m x 6m"	"$8\\text{ m} \\times 6\\text{ m}$"	true
attempt	d0dc6a	a.ii	"8x6"	"$8\\text{ m} \\times 6\\text{ m}$"	false
attempt	d0dc6a	b.i	"336 square metres"	"$336\\text{ m}^2$"	true
attempt	d0dc6a	b.i	"336"	"$336\\text{ m}^2$"	true
attempt	d0dc6a	b.i	"336m^2"	"$336\\text{ m}^2$"	true
attempt	d0dc6a	b.i	"34.5"	"$336\\text{ m}^2$"	false
attempt	d0dc6a	b.i	"T"	"$336\\text{ m}^2$"	false
attempt	d0dc6a	c.i	"0.05 metre"	"$0.050\\text{ m}$"	true
attempt	d0dc6a	c.i	"0.05"	"$0.050\\text{ m}$"	true
attempt	d0dc6a	c.i	"0.050m"	"$0.050\\text{ m}$"	true
attempt	d0dc6a	c.i	"16.8, 8"	"$0.050\\text{ m}$"	false
attempt	d0dc6a	c.i	"6²"	"$0.050\\text{ m}$"	false
attempt	d0dc6a	d.i	"341.4"	"341.4"	true
attempt	d0dc6a	d.i	"344.25"	"341.4"	false
attempt	d0dc6a	d.i	"6"	"341.4"	false
attempt	d0dc6a	d.i	"accepted"	"341.4"	false
attempt	d0dc6a	d.iii	"0.05"	"does not"	false
attempt	d0dc6a	d.iii	"No"	"does not"	false
attempt	d0dc6a	d.iii	"does not"	"does not"	true
attempt	d0dc6a	d.iii	"estimated mass is less than 34kg."	"does not"	false
attempt	d0dc72	a.midpoint	"34.5"	"$34.5$ kg"	true
attempt	d0dc72	a.width	"10"	"$10$ kg"	true
attempt	d0dc72	a.width	"70"	"$10$ kg"	false
attempt	d0dc72	b.i	"34.5"	"$34.5$ kg"	true
attempt	d0dc72	c.i	"16.8, 8"	"$16.8$ kg, $8.4$ kg"	false
attempt	d0dc72	c.i	"16.8, 8.4"	"$16.8$ kg, $8.4$ kg"	true
attempt	d0dc72	d.decision	"accept"	"Yes"	false
attempt	d0dc72	d.decision	"accepted"	"Yes"	true
attempt	d0dc7f	a.i	"(4,-2)"	"$\\binom{4}{-2}$"	true
attempt	d0dc7f	a.i	"[4, -2]"	"$\\binom{4}{-2}$"	true
attempt	d0dc7f	b.i	"(3, 3)"	"$(3,3)$"	true
attempt	d0dc7f	b.ii	"(2, 6)"	"$(6,2)$"	false
attempt	d0dc7f	b.ii	"(6, -2)"	"$(6,2)$"	false
attempt	d0dc7f	b.ii	"(6, 2)"	"$(6,2)$"	true
attempt	d0dc87	a.i	"[2, 4°]"	"$\\begin{pmatrix}4\\\\2\\end{pmatrix}$"	false
attempt	d0dc87	a.i	"[4, 2]"	"$\\begin{pmatrix}4\\\\2\\end{pmatrix}$"	true
attempt	d0dc87	b.i	"26.6 degrees"	"$26.6°$"	true
attempt	d0dc87	b.i	"26.6°"	"$26.6°$"	true
attempt	d0dc87	b.i	"26°"	"$26.6°$"	false
attempt	d0dc87	b.i	"4"	"$26.6°$"	false
attempt	d0dc87	c.i	"(4, 5)"	"$(4,5)$"	true
attempt	d0dc87	c.i	"(59, 5)"	"$(4,5)$"	false
attempt	d0dc87	d.i	"10"	"$10$"	true
attempt	d0dc87	d.i	"24"	"$10$"	false
attempt	d0dc87	d.ii	"not parallel"	"not parallel"	true
attempt	d0dc8f	a.i	"1"	"1"	true
attempt	d0dc8f	b.i	"BD = 5m"	"5 m"	true
attempt	d0dc8f	c.i	"AD = 12m"	"12 m"	true
attempt	d0dc8f	d.i	"Total lenght is 48m so a lenght of 47.5m is not sufficient."	"48"	false
attempt	d0dca9	a.i	"10"	"10"	true
attempt	d0dca9	a.i	"d"	"10"	false
attempt	d0dca9	b.i	"{2,4,6,8,10}"	"\\{2,4,6,8,10\\}"	true
attempt	d0dca9	b.i	"{4, 45, 5, 5, 5, 5, 5, 5, 5, 5, 5, 5, 5, 5, 5, 5, 5, 5, 5, 4, 4}"	"\\{2,4,6,8,10\\}"	false
attempt	d0dca9	c.i	"8"	"8"	true
attempt	d0dca9	c.i	"d"	"8"	false
attempt	d0dca9	c.i	"r"	"8"	false
attempt	d0dca9	d.i	"{4}"	"\\{6,10\\}, \\{2,6,10\\}, \\{4,6,10\\}, \\{6,8,10\\}"	false
attempt	d0dca9	d.i	"{6,10},{2,6,10},{4,6,10},{6,8,10}"	"\\{6,10\\}, \\{2,6,10\\}, \\{4,6,10\\}, \\{6,8,10\\}"	true
attempt	d0dca9	d.i	"{r, r}"	"\\{6,10\\}, \\{2,6,10\\}, \\{4,6,10\\}, \\{6,8,10\\}"	false
attempt	d0dcb1	a.i	"7n - 18 - 4n"	"$7n-18-4n$"	true
attempt	d0dcb1	a.i	"7n-4n-18"	"$7n-18-4n$"	true
attempt	d0dcb1	b.i	"-6"	"$-6$ dollars"	true
attempt	d0dcb1	b.i	"6"	"$-6$ dollars"	false
attempt	d0dcc3	a.i	"260"	"\\$260"	true
attempt	d0dcc3	b.i	"0.2"	"20%"	true
attempt	d0dcc3	b.i	"20"	"20%"	true
attempt	d0dcc3	b.i	"20%"	"20%"	true
attempt	d0dcc3	c.i	"0.3"	"\\$200"	false
attempt	d0dcc3	c.i	"182"	"\\$200"	false
attempt	d0dcc3	c.i	"200"	"\\$200"	true
attempt	d0dcc3	c.i	"7"	"\\$200"	false
attempt	d0dcc3	d.i	"14.29"	"4%"	false
attempt	d0dcc3	d.i	"200"	"4%"	false
attempt	d0dcc3	d.i	"4"	"4%"	true
attempt	d0dcc3	d.i	"9"	"4%"	false
attempt	d0dccb	a.i	"3"	"3"	true
attempt	d0dccb	a.ii	"5"	"5"	true
attempt	d0dccb	a.iii	"7"	"7"	true
attempt	d0dccb	a.iv	"4"	"4"	true
attempt	d0dccb	a.v	"1"	"1"	true
attempt	d0dccb	b.mean	"3.95"	"3.95"	true
attempt	d0dccb	b.median	"4"	"4"	true
attempt	d0dccb	b.mode	"4"	"4"	true
attempt	d0dd05	a.i	"-3"	"-3"	true
attempt	d0dd05	b.i	"y = -3x + 36"	"y = -3x + 36"	true
attempt	d0dd05	c.i	"15"	"15 m"	true
attempt	d0dd05	d.number	"8"	"7"	false
attempt	d0dd9b	a.x	"2"	"2"	true
attempt	d0dd9b	a.x	"x = 2"	"2"	true
attempt	d0dd9b	a.y	"2"	"2"	true
attempt	d0dd9b	a.y	"y = 2"	"2"	true
attempt	d0dd9b	b.i	"[9, 2]"	"\\begin{pmatrix}9\\\\2\\end{pmatrix}"	true
attempt	d0dd9b	c.i	"[7, 8]"	"\\begin{pmatrix}7\\\\8\\end{pmatrix}"	true
attempt	d0dd9b	d.i	"[2/sqrt(29), 5/sqrt(29)]"	"\\begin{pmatrix}\\frac{2}{\\sqrt{29}}\\\\\\frac{5}{\\sqrt{29}}\\end{pmatrix}"	true
attempt	d0dd9b	d.i	"[2/√29, 5/√29]"	"\\begin{pmatrix}\\frac{2}{\\sqrt{29}}\\\\\\frac{5}{\\sqrt{29}}\\end{pmatrix}"	true
attempt	d9c215	a.i	"5"	"3"	false
attempt	d9c215	b.i	"5"	"3n+1"	false
attempt	d9c215	c.i	"5"	"17"	false
attempt	d9c21d	a.i	"8°"	"55°"	false
attempt	d9c21d	b.i	"9°"	"11.6 km"	false
attempt	d9c21d	c.i	"6°"	"135°"	false
attempt	d9c237	a.i	"5"	"77.9 m"	false
attempt	d9c237	b.i	"5°"	"37.8°"	false
attempt	d9c264	a.i	"$1038.00"	"\\$1 038.00"	true
attempt	d9c264	b.i	"$103.80"	"\\$103.80"	true
attempt	d9c264	c.i	"1135.2"	"\\$1 135.98"	false
attempt	d9c264	d.i	"Can pay"	"cannot"	false
attempt	d9c264	d.ii	"5.98"	"\\$5.98"	true
attempt	fe84c4	a.i	"898"	"$132°$"	false
attempt	fe84c4	b.i	"895"	"$66°$"	false
reading	004444	a.i	"$b=2,\\ c=2$"	list
reading	004444	a.i	"$c=2,\\ b=2$"	list
reading	004444	b.i	"$(n+1)^2+1$"	expression
reading	004444	c.i	"$8$"	number
reading	037c66	a.i	"$1.6, \\frac{9}{5}, 2.0, \\frac{11}{5}$"	list
reading	037c66	b.i	"$T_n=0.2n+1.4$"	expression
reading	037c66	b.i	"$T_n=1.6+0.2(n-1)$"	expression
reading	037c66	d.i	"$23$"	number
reading	037c6e	a.i	"81 kg"	quantity
reading	037c6e	b.shares	"18 kg, 27 kg, 36 kg"	list
reading	037c6e	d.i	"1 bag per day"	quantity
reading	037c80	b.i	"$-1, 5$"	list
reading	037c80	b.ii	"$(2,-9)$"	coordinate
reading	037c80	c.i	"No"	word
reading	037c80	c.i	"no"	word
reading	037c80	c.iii	"$2 \\le x \\le 6$"	inequality
reading	037c80	c.iii	"$2\\le x\\le6$"	inequality
reading	037c80	d.i	"$0$"	number
reading	037c88	b.i	"16"	number
reading	037c88	b.ii	"\\$1 600"	number
reading	037c88	c.i	"\\$240"	number
reading	037c88	d.i	"\\$1 840"	number
reading	037c95	a.i	"$\\dfrac{3}{8}$"	number
reading	037c95	c.i	"50 mangoes"	quantity
reading	037c95	d.i	"$37.5\\%$"	number
reading	037c9d	a.i	"$7$"	number
reading	037c9d	c.i	"$n=4$"	number
reading	037caf	a.i	"$7\\text{ m}$"	quantity
reading	037caf	c.i	"$140+24.5\\pi\\text{ m}^2$"	quantity
reading	037caf	d.i	"$27$"	number
reading	037cb7	b.i	"16"	number
reading	037cb7	c.i	"25"	number
reading	037cb7	d.i	"5"	number
reading	037cc4	a.i	"$6$"	number
reading	037cc4	a.ii	"$72$ minutes"	number
reading	037cc4	b.i	"$7$"	number
reading	037cc4	d.i	"$3$"	number
reading	037ccc	b.i	"$2$"	number
reading	037ccc	b.ii	"$5$"	number
reading	037ccc	c.i	"$y = 2x + 5$"	expression
reading	037ccc	d.i	"$2x + 7$"	expression
reading	037cde	a.i	"$4x + 12$"	expression
reading	037cde	c.i	"$12x + 24$"	expression
reading	037cde	c.ii	"$12(x + 2)$"	expression
reading	037ce6	a.i	"$77\\text{ m}^2$"	quantity
reading	037ce6	c.i	"\\$1650"	number
reading	037ce6	d.i	"$42.9\\%$"	number
reading	037cf3	b.i	"$\\frac{9}{2}\\text{ square units}$"	quantity
reading	037cf3	c.i	"$\\frac{9}{4}(\\pi-2)\\text{ square units}$"	quantity
reading	037cfb	a.modal_frequency	"$14$"	number
reading	037cfb	a.modal_mass_interval	"$400\\text{ g to }500\\text{ g}$"	word
reading	037cfb	c.i	"$400\\text{ g to }500\\text{ g}$"	word
reading	037cfb	d.i	"$457.1\\text{ g}$"	quantity
reading	037d03	b.i	"\\begin{pmatrix}0&1\\\\1&0\\end{pmatrix}"	matrix
reading	037d03	c.i	"\\begin{pmatrix}1&0\\\\0&-1\\end{pmatrix}"	matrix
reading	037d0b	b.i	"$x=2,\\ y=5$"	list
reading	037d0b	c.length	"$2\\sqrt{5}$"	expression
reading	037d0b	c.midpoint	"$(1,3)$"	coordinate
reading	037d0b	d.i	"$y=-\\frac{1}{2}x+\\frac{7}{2}$"	expression
reading	037d13	b.i	"$n+4$"	expression
reading	037d13	c.i	"$4$"	number
reading	037d13	d.i	"$8$"	number
reading	037d20	b.i	"2 m"	quantity
reading	037d20	c.i	"20 m^2"	quantity
reading	037d3a	a.i	"$12\\text{ kg}$"	quantity
reading	037d3a	b.interquartile_range	"$3\\text{ kg}$"	quantity
reading	037d3a	b.lower_quartile	"$11\\text{ kg}$"	quantity
reading	037d3a	b.upper_quartile	"$14\\text{ kg}$"	quantity
reading	037d47	a.i	"80"	number
reading	037d47	c.i	"30"	number
reading	037d47	d.decision	"is accepted"	word
reading	037d47	d.decision	"qualifies"	word
reading	037d47	d.decision	"will be accepted"	word
reading	037d47	d.percentage	"$81.25\\%$"	number
reading	037d54	b.i	"\\$2 100"	number
reading	037d54	c.i	"$7\\%$"	number
reading	037d54	d.i	"\\$2 540"	number
reading	037d61	a.i	"$90\\pi\\text{ cm}^3$"	quantity
reading	037d61	c.i	"$339\\text{ cm}^3$"	quantity
reading	037d61	c.ii	"4 packets"	quantity
reading	037d69	a.i	"$1.25,\\ 1.75,\\ 2.25,\\ 2.75$"	list
reading	037d69	a.i	"$\\frac{5}{4},\\ 1.75,\\ \\frac{9}{4},\\ 2.75$"	list
reading	037d69	b.i	"$0.5n+0.75$"	expression
reading	037d69	b.i	"$1.25+0.5(n-1)$"	expression
reading	037d69	b.i	"$\\frac{1}{2}n+\\frac{3}{4}$"	expression
reading	037d69	d.i	"16th departure"	word
reading	037d69	d.i	"16th"	word
reading	037d69	d.i	"departure 16"	word
reading	037d69	d.ii	"14:45"	ratio
reading	037d69	d.ii	"2.45 p.m."	word
reading	037d69	d.ii	"2:45 p.m."	word
reading	037d71	b.i	"$(2,0)$"	coordinate
reading	037d71	b.ii	"$0 \\le f(x) \\le 9$"	inequality
reading	037d71	b.ii	"$[0,9]$"	word
reading	037d71	c.i	"$f^{-1}(x)=2+\\sqrt{x},\\ 0 \\le x \\le 9$"	inequality
reading	037d71	c.i	"$f^{-1}: x \\to 2+\\sqrt{x},\\ 0 \\le x \\le 9$"	inequality
reading	037d71	d.i	"$5$"	number
reading	037d79	b.i	"$0, 2$"	list
reading	037d79	b.ii	"$(0,0)$"	coordinate
reading	037d86	a.i	"12"	number
reading	037d86	c.i	"240 kg"	quantity
reading	037d86	c.ii	"320 kg"	quantity
reading	037d86	d.i	"16 cartons"	quantity
reading	037d9d	b.i	"$-1, 5$"	list
reading	037d9d	b.ii	"$-5$"	number
reading	037d9d	c.i	"$1$"	number
reading	037d9d	d.i	"No"	word
reading	037d9d	d.i	"no"	word
reading	037da5	a.i	"$7\\pi\\text{ m}$"	quantity
reading	037da5	b.i	"$(54+7\\pi)\\text{ m}$"	quantity
reading	037da5	b.i	"$(7\\pi+54)\\text{ m}$"	quantity
reading	037da5	c.i	"$16$"	number
reading	037dbf	a.i	"432"	number
reading	037dbf	b.i	"324"	number
reading	037dbf	c.i	"\\$810"	number
reading	037dbf	d.i	"\\$690"	number
reading	037dc7	b.i	"$x=4,\\ y=6$"	list
reading	037dc7	c.number	"$6$"	number
reading	037dcf	a.i	"$12\\sqrt{3}\\text{ m}$"	quantity
reading	037dcf	c.i	"$30^\\circ$"	number
reading	037dcf	c.ii	"Yes"	word
reading	037dcf	c.ii	"yes"	word
reading	037dd7	a.i	"$196\\pi\\text{ cm}^2$"	quantity
reading	037dd7	b.i	"$\\frac{196\\pi}{3}\\text{ cm}^2$"	quantity
reading	037dd7	c.i	"$\\frac{196\\pi}{3}-49\\sqrt{3}\\text{ cm}^2$"	quantity
reading	037de4	b.i	"$(3,12)$"	coordinate
reading	037de4	c.i	"$4$"	number
reading	037de4	d.i	"$2$ minutes"	number
reading	037df1	a.i	"60"	number
reading	037df1	c.i	"120"	number
reading	037df1	d.modal_drink	"Mango juice"	word
reading	037df1	d.modal_drink	"mango juice"	word
reading	037df9	b.i	"$4$"	number
reading	037df9	c.i	"$4^4$"	word
reading	037e01	a.i	"$54\\text{ m}^2$"	quantity
reading	037e01	b.i	"\\$2 160"	number
reading	037e01	c.i	"\\$221.40"	number
reading	037e09	a.i	"0.375"	number
reading	037e09	a.ii	"37.5%"	quantity
reading	037e09	b.i	"36"	number
reading	037e09	b.ii	"24"	number
reading	037e09	b.iii	"12"	number
reading	037e09	c.i	"1, 2, 3, 4, 6 and 12"	word
reading	037e09	c.i	"1, 2, 3, 4, 6, 12"	list
reading	037e11	b.i	"$x=1, 6$"	roots
reading	037e11	c.i	"$\\{0,1,6\\}\\%$"	word
reading	037e19	b.i	"$(4,4)$"	coordinate
reading	037e19	c.i	"\\$20"	number
reading	037e21	b.i	"$(6,4)$"	coordinate
reading	037e21	c.maximum	"$26$ when $x=6$ and $y=4$"	number
reading	037e21	c.profits	"$0,\\ 24,\\ 26,\\ 20$"	list
reading	037e40	a.i	"$\\frac{CD}{BC}$"	expression
reading	037e40	a.ii	"$\\frac{CD}{AC}$"	expression
reading	037e40	b.i	"$h=x$"	expression
reading	037e40	b.i	"$x=h$"	expression
reading	037e40	b.ii	"$\\sqrt{3}h=x+12$"	expression
reading	037e40	b.ii	"$x+12=\\sqrt{3}h$"	expression
reading	037e40	c.i	"$6(1+\\sqrt{3})$"	expression
reading	037e40	c.i	"$6(\\sqrt{3}+1)$"	expression
reading	037e40	c.i	"$6+6\\sqrt{3}$"	expression
reading	037e40	d.i	"$16.4\\text{ m}$"	quantity
reading	037e48	a.i	"$12$"	number
reading	037e48	b.screen_height	"$4$"	number
reading	037e48	b.vertical_distance	"$8$"	number
reading	037e50	a.i	"12"	number
reading	037e50	b.i	"2"	number
reading	037e50	c.i	"3 stools"	quantity
reading	037e50	c.i	"3"	number
reading	037e50	d.i	"\\$1"	number
reading	037e5d	a.i	"$60^\\circ$"	number
reading	037e5d	b.i	"$d=h$"	expression
reading	037e5d	b.i	"$h=d$"	expression
reading	037e5d	c.i	"$10(\\sqrt{3}+1)$"	expression
reading	037e5d	c.i	"$\\frac{20}{\\sqrt{3}-1}$"	expression
reading	037e5d	d.i	"27.3"	number
reading	037e5d	d.ii	"isosceles right triangle"	word
reading	037e5d	d.ii	"right-angled isosceles triangle"	word
reading	037e74	b.i	"$2, 6$"	list
reading	037e74	c.i	"$x=2,\\ y=6$, \\$18"	list
reading	037e81	a.i	"$24\\sqrt{3}\\text{ m}$"	quantity
reading	037e81	b.i	"$21.6\\text{ m}$"	quantity
reading	037e81	b.i	"$24\\sqrt{3}-20\\text{ m}$"	quantity
reading	037e81	c.i	"$48.1^\\circ$"	number
reading	037e89	a.i	"$x+y\\le 12,\\ 2x+y\\le 18,\\ x\\ge 0,\\ y\\ge 0$"	inequality
reading	037e89	b.i	"$(0,0),\\ (9,0),\\ (6,6),\\ (0,12)$"	set
reading	037e89	c.i	"$(0,0)$: \\$0, $(9,0)$: \\$270, $(6,6)$: \\$300, $(0,12)$: \\$240"	word
reading	037e89	d.plan	"6 crates of flying fish and 6 crates of tuna"	word
reading	09e932	a.i	"4"	number
reading	09e932	a.ii	"8"	number
reading	09e932	b.i	"Function"	word
reading	09e932	b.i	"Yes, it is a function"	word
reading	0ab933	a.i	"144 000"	number
reading	0ab933	b.i	"1 056 000"	number
reading	0ab933	b.ii	"88%"	quantity
reading	0ab933	c.ii	"$2.4 \\times 10^4$"	word
reading	0ab945	a.i	"5"	number
reading	0ab945	b.axis	"$t=3$"	number
reading	0ab945	b.axis	"$x=3$"	number
reading	0ab945	b.maximum	"9"	number
reading	0ab945	c.i	"$5$ seconds"	number
reading	0ab945	c.i	"$t=5$"	number
reading	0ab945	d.composite	"$-(t-3)^2+4$"	expression
reading	0ab945	d.composite	"$-t^2+6t-5$"	expression
reading	0ab945	d.composite	"$gf(t)=-(t-3)^2+4$"	expression
reading	0ab945	d.number	"2"	number
reading	1007ef	a.i	"$f^{-1}(x) = \\frac{x-5}{3}$"	expression
reading	1007ef	a.i	"$y = \\frac{1}{3}x - \\frac{5}{3}$"	expression
reading	11681e	a.i	"16 workers"	quantity
reading	220c3b	a.i	"$0.05\\text{ m}$"	quantity
reading	220c3b	a.i	"$\\pm 0.05\\text{ m}$"	word
reading	220c45	a.i	"$6000\\text{ m}^2$"	quantity
reading	266546	a.i	"$0.6$ min"	number
reading	266546	d.comparison	"No"	word
reading	266546	d.comparison	"No."	word
reading	266546	d.new_standard_deviation	"$0.9$ min"	number
reading	266557	a.i	"4"	number
reading	266557	b.i	"20"	number
reading	266557	c.lower_quartile	"13"	number
reading	266557	c.median	"14.5"	number
reading	266557	c.upper_quartile	"16"	number
reading	266557	d.interquartile_range	"3"	number
reading	266557	d.semi_interquartile_range	"1.5"	number
reading	26b3b0	a.i	"$30$"	number
reading	26b3b0	a.i	"30"	number
reading	26b3ba	a.i	"$\\begin{pmatrix}8\\\\2\\end{pmatrix}$"	column_vector
reading	26b3c4	a.i	"A solid line through $(0,-2)$ and $(3,0)$, with the side not containing $(0,0)$ shaded."	word
reading	26b3ce	a.i	"$55°$"	quantity
reading	26b3ce	a.i	"55°"	quantity
reading	26b3d8	a.i	"$4$"	number
reading	26b3d8	a.i	"4"	number
reading	26b3e2	a.i	"13 cubic metres"	quantity
reading	26b3ec	a.i	"$2$"	number
reading	26b3ec	a.i	"2"	number
reading	26b3f6	a.i	"\\$216"	number
reading	26b400	a.i	"$4$"	number
reading	26b400	a.i	"4"	number
reading	26b411	a.i	"$116°$"	quantity
reading	26b411	a.i	"116°"	quantity
reading	26b41b	a.i	"$4.62\\text{ L}$"	quantity
reading	26b425	a.i	"The mean mass is $480$ g, and it is a sample statistic."	word
reading	26b42f	a.i	"$(3x-2)(2x+1)$"	expression
reading	26b440	a.i	"$5$"	number
reading	26b44a	a.i	"$4$"	number
reading	26b454	a.i	"$\\begin{pmatrix}\\frac{3}{5}\\\\\\frac{4}{5}\\end{pmatrix}$"	column_vector
reading	26b45e	a.i	"$\\begin{array}{c|cccc}x&1&2&3&4\\\\ \\hline f&2&3&4&3\\end{array}$"	word
reading	26b468	a.i	"$\\begin{pmatrix}-25\\\\0\\end{pmatrix}$"	column_vector
reading	26b472	a.i	"$y=2x-3$"	expression
reading	26b486	a.i	"75°"	quantity
reading	26b490	a.i	"28 households"	quantity
reading	26b49a	a.i	"$5$"	number
reading	26b49a	a.i	"5"	number
reading	26b4a4	a.i	"$16$"	number
reading	26b4a4	a.i	"16"	number
reading	26b4ae	a.i	"\\$24"	number
reading	26b4b8	a.i	"$179\\text{ L}$"	quantity
reading	26b4c2	a.i	"$15.2$ is a sample statistic which estimates the population mean."	word
reading	26b4cc	a.i	"$(2x+3)\\text{ m by }(x-5)\\text{ m}$"	expression
reading	26b4d6	a.i	"$-2$"	number
reading	26b4d6	a.i	"-2"	number
reading	26b4e0	a.i	"$18$"	number
reading	2ee799	a.i	"$\\begin{pmatrix}0&-1\\\\1&0\\end{pmatrix}$"	matrix
reading	2ee799	c.i	"$AB=BA=I$"	expression
reading	2ee799	c.ii	"$\\begin{pmatrix}0&1\\\\1&0\\end{pmatrix}$"	matrix
reading	2ee799	d.i	"$\\begin{pmatrix}-2\\\\6\\end{pmatrix}$"	column_vector
reading	2ee7b5	b.i	"$x=2,\\ y=3$"	list
reading	2ee7b5	c.i	"$\\begin{pmatrix}-\\frac{1}{5}&\\frac{2}{5}\\\\\\frac{3}{5}&-\\frac{1}{5}\\end{pmatrix}$"	matrix
reading	2ee7b5	d.i	"$I_2$"	expression
reading	2ee7b5	d.i	"identity matrix of order 2"	word
reading	2ee7b5	d.i	"the identity matrix"	word
reading	2ee7b5	d.ii	"$\\binom{2}{3}$"	column_vector
reading	2ee7b5	d.iii	"agrees"	word
reading	2ee7b5	d.iii	"is consistent"	word
reading	30988e	a.i	"$\\frac{3}{4}$"	number
reading	309898	a.i	"$36.9^\\circ$"	number
reading	411355	a.i	"$5\\sqrt{2}$ cm"	expression
reading	411355	a.i	"$\\sqrt{50}$ cm"	expression
reading	45e796	b.i	"$30$ minutes"	number
reading	45e796	c.i	"$20$ students"	number
reading	45e7b5	b.i	"35"	number
reading	45e7b5	c.i	"$30\\%$"	number
reading	45e7cd	b.i	"$10$ items"	number
reading	45e7cd	b.ii	"$20$ items"	number
reading	45e7cd	c.i	"$10$ items"	number
reading	45e7d7	b.i	"$23$ minutes"	number
reading	45e7e1	b.i	"$4$ minutes"	number
reading	45e7e1	b.ii	"$8$ minutes"	number
reading	45e7e1	b.iii	"$4$ minutes"	number
reading	45e7e1	c.i	"$9$ minutes"	number
reading	45e7eb	b.i	"30"	number
reading	45e7eb	c.i	"40%"	quantity
reading	45e7f5	a.i	"36"	number
reading	45e7f5	b.i	"72°"	quantity
reading	45e7f5	b.ii	"108°"	quantity
reading	45e7f5	b.iii	"144°"	quantity
reading	45e7f5	c.i	"\\begin{array}{c|c}\\text{Booking method}&\\text{Frequency}\\\\\\hline\\text{Phone}&18\\\\\\text{Website}&36\\\\\\text{Travel agent}&54\\\\\\text{Email}&72\\\\\\hline\\text{Total}&180\\end{array}"	word
reading	45e806	a.class_midpoint	"$24.5$"	number
reading	45e806	a.lower_class_boundary	"$19.5$"	number
reading	45e806	b.i	"$20$"	number
reading	45e806	c.median_class	"$20-29$"	word
reading	45e806	c.median_class	"20–29"	word
reading	45e806	c.modal_class	"$20-29$"	word
reading	45e806	c.modal_class	"20–29"	word
reading	45e806	d.interquartile_range	"$10$"	number
reading	45e806	d.lower_quartile	"$19.5$"	number
reading	45e806	d.upper_quartile	"$29.5$"	number
reading	486413	a.i	"East section"	word
reading	486413	a.i	"East"	word
reading	486413	a.i	"the East section"	word
reading	486413	a.ii	"0.08"	number
reading	486413	b.i	"Hill section"	word
reading	486413	b.i	"Hill"	word
reading	486413	b.i	"the Hill section"	word
reading	486413	b.ii	"0.06"	number
reading	48641b	a.i	"14"	number
reading	48641b	b.i	"9"	number
reading	48641b	c.i	"70%"	quantity
reading	48641b	d.verdict	"Correct"	word
reading	48641b	d.verdict	"The customer is correct"	word
reading	48641b	d.verdict	"Yes"	word
reading	49ffd1	a.i	"$10$"	number
reading	49ffd1	a.i	"10"	number
reading	49ffdb	a.i	"$\\begin{pmatrix}10 & 5\\\\16 & 9\\end{pmatrix}$"	matrix
reading	4a0001	a.i	"$20 \\le x < 30$"	inequality
reading	4a000b	a.i	"$10$"	number
reading	4a000b	a.i	"10"	number
reading	4a0015	a.i	"$(0,-3)$"	coordinate
reading	4a001f	a.i	"$4 - 3x < 10$"	inequality
reading	4a0029	a.i	"$315°$"	quantity
reading	4a0029	a.i	"315°"	quantity
reading	4a0033	a.i	"$n((A \\cup B)') = 39$"	number
reading	4a003d	a.i	"$\\{x \\in \\mathbb{R}: 0 < x \\le 12\\}$"	set
reading	4a0047	a.i	"68 crossings; an even composite number"	word
reading	4a0051	a.i	"\\$60"	number
reading	4a005b	a.i	"$90$ km"	number
reading	4a005b	a.i	"90 km"	quantity
reading	4a0065	a.i	"A sample mean of $\\frac{13}{3}$ is a statistic that can be used to estimate the population mean, a parameter."	word
reading	4a006f	a.i	"$g = \\frac{4\\pi^2l}{T^2}$"	expression
reading	4a0079	a.i	"$x = 4$"	number
reading	4a0083	a.i	"$\\angle PQR=38^\\circ$, and triangle $PQR$ is obtuse-angled."	word
reading	4a008d	a.i	"$\\begin{pmatrix}-1 & 4\\\\13 & 2\\end{pmatrix}$"	matrix
reading	4a0097	a.i	"Sales in Week 1 were more consistent because the range was $22 - 18 = 4$."	number
reading	4a00a1	a.i	"$\\begin{pmatrix}-3\\\\4\\end{pmatrix}$"	column_vector
reading	4a00ab	a.i	"Solid dots at $5$ and $6$ only"	word
reading	4a00b5	a.i	"$62°$"	quantity
reading	4a00b5	a.i	"62°"	quantity
reading	4a00bf	a.i	"$95$, which is a composite number"	word
reading	4a00c9	a.i	"\\$20"	number
reading	4a00d3	a.i	"$\\frac{1800}{17}$ m/min"	expression
reading	4a00dd	a.i	"The sample mean is $12$; therefore, $12$ is a sample statistic."	word
reading	4a00e7	a.i	"$35$"	number
reading	4a00f1	a.i	"$x = 2$"	number
reading	4a00fb	a.i	"$148^\\circ$"	number
reading	4a0105	a.i	"$AB$ and $BA$ are both defined, but they cannot be equal."	word
reading	4a0116	a.i	"The vendor sold an average of 30 bunches per market day."	word
reading	4a0120	a.i	"$(-5, 2)$"	coordinate
reading	4a012a	a.i	"$6$ bags of compost"	word
reading	4a012a	a.i	"6 bags of compost"	word
reading	4a0134	a.i	"$52°$"	quantity
reading	4a0134	a.i	"52°"	quantity
reading	4a013e	a.i	"17 vendors"	quantity
reading	4a013e	a.i	"17"	number
reading	4a0148	a.i	"$2 \\le x \\le 7$"	inequality
reading	4a0152	a.i	"An open circle at $2$ and a closed circle at $6$, with the section between them shaded."	word
reading	4a015c	a.i	"$70°$"	quantity
reading	4a015c	a.i	"70°"	quantity
reading	4a0166	a.i	"It has 16 dots, which is a composite number."	word
reading	4a0170	a.i	"$12.5\\%$"	number
reading	4a0170	a.i	"12.5%"	quantity
reading	4a017a	a.i	"$24\\text{ km/h}$"	quantity
reading	4a017a	a.i	"24 km/h"	quantity
reading	4a0184	a.i	"The sample mean is $7$, and it estimates the population mean."	word
reading	4a018e	a.i	"$r = \\sqrt[3]{\\frac{3V}{4\\pi}}$"	expression
reading	4a0198	a.i	"$\\{-1,5\\}$"	set
reading	4a01a2	a.i	"The solid has $6$ vertices and $9$ wire segments, and every face lies in a plane."	word
reading	4a01ac	a.i	"$\\begin{pmatrix}3 & -8\\\\4 & 3\\end{pmatrix}$"	matrix
reading	5907dc	a.i	"25 kg"	quantity
reading	5907e6	a.i	"$\\begin{pmatrix}-3\\\\-8\\end{pmatrix}$"	column_vector
reading	5907f0	a.i	"$B=-\\frac{9}{2}x+18$"	expression
reading	5907fa	a.i	"$17$"	number
reading	5907fa	a.i	"17"	number
reading	590804	a.i	"$20\\text{ cm}$"	quantity
reading	59080e	a.i	"13"	number
reading	590818	a.i	"18 bags"	quantity
reading	590822	a.i	"$R$"	word
reading	59082c	a.i	"\\$24"	number
reading	590836	a.i	"$20\\text{ m/s}$"	quantity
reading	590840	a.i	"The sample mean, $14.25$ kg, is a sample statistic, and the estimated total mass is $5 472$ kg."	word
reading	59084a	a.i	"$\\frac{108}{\\pi^2}$"	expression
reading	590854	a.i	"$25$ m"	number
reading	59085e	a.i	"$112^\\circ$"	number
reading	590868	a.i	"$\\begin{pmatrix}7&3\\\\1&7\\end{pmatrix}$"	matrix
reading	590872	a.i	"The two data sets have the same range."	word
reading	590883	a.i	"$\\begin{pmatrix}-4\\\\6\\end{pmatrix}$"	column_vector
reading	59088d	a.i	"$x < 3$"	inequality
reading	590897	a.i	"$22°$"	quantity
reading	590897	a.i	"22°"	quantity
reading	5908a1	a.i	"$3x - 1 \\le 5$"	inequality
reading	5cb2de	a.i	"$11\\text{ m}$"	quantity
reading	5cb2de	c.i	"$1.93\\text{ m}^2\\text{ per litre}$"	quantity
reading	5cb2e6	a.i	"$75\\pi\\text{ m}^2$"	quantity
reading	5cb2e6	c.i	"$10\\sqrt{2}\\text{ m}$"	quantity
reading	5cb2e6	d.i	"$\\frac{250\\sqrt{2}\\pi}{3}\\text{ m}^3$"	quantity
reading	5cb2f3	a.i	"264\\text{ cm}"	quantity
reading	5cb2f3	c.i	"4.04\\text{ m}"	quantity
reading	5cb2f3	d.i	"5\\text{ m}"	quantity
reading	5cb2fb	b.i	"$4\\text{ cm}$"	quantity
reading	5cb2fb	c.i	"$25\\text{ cm}^2$"	quantity
reading	5cb2fb	d.i	"$78.5\\text{ cm}^2$"	quantity
reading	5cb2fb	d.ii	"$180^\\circ$"	number
reading	5de145	a.i	"$y \\geq -x+2$"	inequality
reading	5de14f	a.i	"$55°$"	quantity
reading	5de14f	a.i	"55°"	quantity
reading	5de159	a.i	"Exactly three of the values are integers, and the smallest of the sets $N$, $W$, $Z$, $Q$ and $R$ containing all the values is $R$."	word
reading	5de163	a.i	"\\$405"	number
reading	5de16d	a.i	"750 m"	quantity
reading	5de177	a.i	"$\\bar{x}=6$"	number
reading	5de181	a.i	"$3(2x-y)(2x+y)$"	expression
reading	5de18b	a.i	"$R$ is a many-to-one function."	word
reading	5de195	a.i	"$15$"	number
reading	5de19f	a.i	"parallel and in opposite directions"	word
reading	5de1b3	a.i	"$\\begin{pmatrix}6\\\\-4\\end{pmatrix}$"	column_vector
reading	5de1bd	a.i	"11 farmers"	quantity
reading	5de1c7	a.i	"$a \\star b = 2a + b$"	expression
reading	5de1d1	a.i	"$y=-x+6$"	expression
reading	5de1db	a.i	"$(3, 1)$"	coordinate
reading	5de1e5	a.i	"$62°$"	quantity
reading	5de1e5	a.i	"62°"	quantity
reading	5de1ef	a.i	"$-3$"	number
reading	5de200	a.i	"\\$2 754"	number
reading	5de20a	a.i	"$15\\,000\\text{ cm}^3$"	quantity
reading	5de214	a.i	"The mean is $4.2$ coconuts per bag; it is a sample statistic."	word
reading	5de21e	a.i	"$(z + 3)(2x + 3y)$"	expression
reading	5de228	a.i	"$(2, 3)$"	coordinate
reading	5de232	a.i	"$26$"	number
reading	5de23c	a.i	"$\\begin{pmatrix}6\\\\-8\\end{pmatrix}$"	column_vector
reading	6a51ef	a.i	"$1.8x+3.6$"	expression
reading	6a51ef	b.i	"$(8,18)$"	coordinate
reading	6a51ef	c.difference	"\\$2.40"	number
reading	6a51ef	c.plan	"B"	word
reading	6a51ef	c.plan	"Plan B"	word
reading	6a51ef	d.trays	"9"	number
reading	6a5256	a.i	"\\begin{pmatrix}2\\\\-1\\end{pmatrix}"	column_vector
reading	6a5256	a.ii	"\\begin{pmatrix}8\\\\5\\end{pmatrix}"	column_vector
reading	6a5256	a.iii	"\\begin{pmatrix}6\\\\6\\end{pmatrix}"	column_vector
reading	6a5256	b.i	"\\begin{pmatrix}11\\\\8\\end{pmatrix}"	column_vector
reading	6a5256	c.i	"$1:2$"	ratio
reading	6a5256	c.i	"1 to 2"	word
reading	6a5256	c.i	"1:2"	ratio
reading	6a525e	a.i	"35°"	quantity
reading	6a525e	b.i	"55°"	quantity
reading	6a525e	c.i	"55°"	quantity
reading	6a525e	d.i	"125°"	quantity
reading	6a5266	a.i	"16"	number
reading	6a5266	a.ii	"n^2"	expression
reading	6a5266	b.i	"n^2+5n+6"	expression
reading	6a5266	b.ii	"(n+2)(n+3)"	expression
reading	6a5266	c.i	"9"	number
reading	6a5278	a.i	"x^2+1"	expression
reading	6a5278	a.i	"x^{2}+1"	expression
reading	6a5278	b.i	"2"	number
reading	6a5278	c.i	"9"	number
reading	6a5278	c.ii	"cannot be"	word
reading	6a5278	c.ii	"cannot"	word
reading	6a528f	a.i	"\\begin{pmatrix}-3\\\\2\\end{pmatrix}"	column_vector
reading	6a528f	a.ii	"\\begin{pmatrix}2\\\\4\\end{pmatrix}"	column_vector
reading	6a528f	b.i	"\\begin{pmatrix}5\\\\2\\end{pmatrix}"	column_vector
reading	6a528f	c.i	"\\begin{pmatrix}12\\\\8\\end{pmatrix}"	column_vector
reading	6a52ab	a.i	"90°"	quantity
reading	6a52ab	b.i	"45°"	quantity
reading	6a52ab	c.i	"45°"	quantity
reading	6a52ab	d.i	"90°"	quantity
reading	6a52b3	a.i	"3\\vec{a}+3\\vec{b}"	expression
reading	6a52b3	b.i	"6\\vec{a}+6\\vec{b}"	expression
reading	6a52b3	c.i	"11\\vec{a}+8\\vec{b}"	expression
reading	6a52b3	d.i	"6\\vec{a}+6\\vec{b}"	expression
reading	6a52b3	d.ii	"a parallelogram"	word
reading	6a52b3	d.ii	"parallelogram"	word
reading	6a52bb	a.i	"12"	number
reading	6a52bb	a.ii	"21"	number
reading	6a52bb	a.iii	"32"	number
reading	6a52bb	a.iv	"9"	number
reading	6a52bb	b.i	"7.4"	number
reading	6a52bb	c.i	"sample statistic"	word
reading	6a52bb	c.i	"statistic"	word
reading	6a52bb	c.ii	"parameter"	word
reading	6a52bb	c.ii	"population parameter"	word
reading	6a52bb	c.iii	"estimate"	word
reading	6a52bb	c.iii	"estimation"	word
reading	6a52bb	d.i	"No"	word
reading	6a52bb	d.i	"does not support the claim"	word
reading	6a52bb	d.i	"not supported"	word
reading	6a52c8	b.i	"3"	number
reading	76425d	a.i	"3"	number
reading	76425d	a.i	"Card 3"	word
reading	76425d	a.i	"Figure 3"	word
reading	764267	a.i	"\\$820"	number
reading	797b9e	a.i	"$\\begin{array}{c|cccccc}\\text{Number of fish} & 3 & 4 & 5 & 6 & 7 & 8\\\\\\hline\\text{Frequency} & 1 & 1 & 2 & 3 & 1 & 2\\end{array}$"	word
reading	797b9e	b.mean	"$5.8$"	number
reading	797b9e	b.median	"$6$"	number
reading	797b9e	b.mode	"$6$"	number
reading	797b9e	c.number	"$6$"	number
reading	797ba6	a.i	"$6$"	number
reading	797ba6	b.i	"$\\{1,2,3,6\\}$"	set
reading	797ba6	c.i	"$\\{\\{1,2\\},\\{1,3\\},\\{1,6\\},\\{2,3\\},\\{2,6\\},\\{3,6\\}\\}$"	set
reading	797ba6	d.i	"$4$"	number
reading	797bae	a.i	"$2x-11$"	expression
reading	797bae	b.i	"$1\\,^{\\circ}\\mathrm{C}$"	expression
reading	797bb6	a.i	"$9\\text{ m},\\ 5\\text{ m}$"	list
reading	797bb6	a.i	"length $9$ m and width $5$ m"	word
reading	797bb6	b.i	"$(x+7)^2-4$"	expression
reading	797bb6	b.i	"$1(x+7)^2-4$"	expression
reading	797bb6	c.i	"$-15,\\ 1$"	list
reading	797bb6	c.i	"$1,\\ -15$"	list
reading	797bb6	c.ii	"$1$"	number
reading	797bbe	a.i	"6"	number
reading	797bbe	b.i	"85%"	quantity
reading	797bbe	c.i	"8 500 000"	number
reading	797bbe	d.i	"$8.5 \\times 10^6$"	word
reading	797bbe	d.ii	"appropriate"	word
reading	797bbe	d.ii	"suitable"	word
reading	797bbe	d.iii	"greater"	word
reading	797bbe	d.iii	"higher"	word
reading	797bbe	d.iii	"more"	word
reading	797bda	a.axis	"$x=4$"	number
reading	797bda	a.minimum	"$-9$"	number
reading	797bda	b.root	"$1$"	number
reading	797bda	b.underfilled_interval	"$1<x<7$"	inequality
reading	797bda	c.composite	"$(x-3)^2-9$"	expression
reading	797bda	c.composite	"$x^2-6x$"	expression
reading	797bda	c.number_of_roots	"$2$"	number
reading	797bda	d.calibration_setting	"$5$"	number
reading	797bda	d.gradient	"$4$"	number
reading	797bda	d.original_setting	"$6$"	number
reading	797be2	a.i	"$10$ kg"	number
reading	797be2	b.i	"$47.5$ kg"	number
reading	797be2	c.i	"$40 \\le m < 50$"	inequality
reading	797be2	c.ii	"$47.5$"	number
reading	797be2	d.i	"$19.2$"	number
reading	797be2	d.ii	"$9.6$"	number
reading	797bf4	a.i	"$\\binom{6}{2}$"	column_vector
reading	797bf4	b.i	"$(0,5)$"	coordinate
reading	797bf4	c.congruency	"congruent"	word
reading	797bf4	c.congruency	"the same size and shape"	word
reading	797bf4	c.orientation	"changed"	word
reading	797bf4	c.orientation	"opposite orientation"	word
reading	797bf4	c.orientation	"opposite"	word
reading	797bf4	c.orientation	"orientation reversed"	word
reading	797bf4	c.orientation	"reversed"	word
reading	797bf4	d.i	"$(1,-3)$"	coordinate
reading	797bfc	a.i	"$\\begin{pmatrix}6\\\\8\\end{pmatrix}$"	column_vector
reading	797bfc	b.direction	"$53.1°$ north of east"	word
reading	797bfc	b.magnitude	"$10\\text{ m}$"	quantity
reading	797bfc	c.i	"$\\begin{pmatrix}11\\\\14\\end{pmatrix}$"	column_vector
reading	797bfc	d.determinant	"$0$"	number
reading	797c5f	a.i	"$(0,-18)$"	coordinate
reading	797c5f	b.i	"$3$"	number
reading	797c5f	b.ii	"$y=3x-18$"	expression
reading	797c5f	c.i	"$6$ trays"	number
reading	797c67	a.i	"25%"	quantity
reading	797c67	b.i	"15%"	quantity
reading	797c67	b.ii	"\\$510"	number
reading	797c67	c.i	"6.25%"	quantity
reading	797c67	d.i	"\\$528"	number
reading	797c67	d.ii	"No"	word
reading	797c67	d.ii	"not"	word
reading	797c67	d.ii	"unacceptable"	word
reading	797c83	a.i	"$3,4,5,6,7$"	list
reading	797c83	a.ii	"1"	number
reading	797c83	a.iii	"5"	number
reading	797c83	a.iv	"4"	number
reading	797c83	a.v	"3"	number
reading	797c83	a.vi	"2"	number
reading	797c83	b.i	"5"	number
reading	797c83	c.i	"5"	number
reading	797c83	c.ii	"4"	number
reading	797c8b	a.i	"$42\\text{ cm}^2$"	quantity
reading	797c8b	b.i	"$168\\text{ m}^2$"	quantity
reading	797c8b	c.i	"$3.8\\text{ m}^2$"	quantity
reading	797c8b	d.verdict	"Yes"	word
reading	797c8b	d.verdict	"yes"	word
reading	797c98	a.i	"\\binom{2}{0}"	column_vector
reading	797c98	b.i	"(-2,1)"	coordinate
reading	797c98	b.ii	"(-1,3)"	coordinate
reading	797c98	c.i	"(-1,-2)"	coordinate
reading	797c98	c.ii	"(-3,-1)"	coordinate
reading	797c98	d.orientation	"same"	word
reading	797c98	d.orientation	"unchanged"	word
reading	797c98	d.relationship	"congruent triangles"	word
reading	797c98	d.relationship	"congruent"	word
reading	797c98	d.relationship	"identical in shape and size"	word
reading	797caa	a.i	"$\\binom{4}{2}$"	column_vector
reading	797caa	b.i	"$4$"	number
reading	797caa	c.i	"$\\binom{4}{2}$"	column_vector
reading	797caa	c.ii	"$26.6°$"	quantity
reading	797cb2	a.i	"1"	number
reading	797cb2	a.ii	"1"	number
reading	797cb2	b.i	"$8\\text{ cm}$"	quantity
reading	797cb2	c.i	"$15\\text{ cm}$"	quantity
reading	797cba	a.i	"$x=120,\\ y=120$"	list
reading	797cba	b.i	"$R=-10p^2+360p$"	expression
reading	797cba	b.ii	"$R=-10(p-18)^2+3240$"	expression
reading	797cba	c.i	"$16,\\ 17,\\ 18,\\ 19,\\ 20$"	list
reading	797cc2	a.i	"$18\\ 000\\text{ L}$"	number
reading	797cc2	b.i	"$37.5$"	number
reading	797cc2	b.ii	"achieves"	word
reading	797cc2	b.ii	"meets"	word
reading	797cc2	b.ii	"satisfies"	word
reading	797cc2	c.i	"$2.34 \\times 10^9\\text{ L}$"	expression
reading	797cca	a.i	"$9$"	number
reading	797cca	b.i	"$5$"	number
reading	797cca	b.ii	"$-1,\\ 3$"	list
reading	797cca	b.iii	"$3$"	number
reading	797cca	c.i	"$x=2$"	number
reading	797cca	c.ii	"$9$"	number
reading	797cca	d.i	"$0<x<4$"	inequality
reading	797cca	d.ii	"$2$"	number
reading	797cd7	a.i	"$\\{1,2,3,4,6\\}$"	set
reading	797cd7	b.i	"$\\{1,3\\}, \\{2,3\\}, \\{3,4\\}, \\{3,6\\}$"	set
reading	797cd7	c.i	"$\\{2,3\\}, \\{3,6\\}$"	set
reading	797cdf	a.i	"$59.5$ min"	number
reading	797cdf	a.ii	"$69.5$ min"	number
reading	797cdf	b.i	"$67$ min"	number
reading	797cdf	c.i	"$19.2$ min"	number
reading	797ce7	a.i	"$-14$"	number
reading	797ce7	b.i	"$4x-16$"	expression
reading	797ce7	d.i	"$4$"	number
reading	7e7f40	a.i	"$\\begin{pmatrix}2 & 2\\\\1 & -1\\end{pmatrix}\\begin{pmatrix}x\\\\y\\end{pmatrix}=\\begin{pmatrix}34\\\\5\\end{pmatrix}$"	matrix
reading	7e7f40	b.i	"$x=11$, $y=6$"	list
reading	7e7f4a	a.i	"$\\begin{pmatrix}0 & -1 \\\\ 1 & 0\\end{pmatrix}$"	matrix
reading	7fc452	a.i	"2"	number
reading	7fc452	b.i	"C = 2d + 5"	expression
reading	804975	a.i	"$4x(2x+3)$"	expression
reading	804975	a.ii	"$6x(2x+3)$"	expression
reading	804975	b.i	"$2x+3$"	expression
reading	804975	c.i	"$532\\text{ cm}^2$"	quantity
reading	804982	a.i	"5"	number
reading	804982	b.i	"(x-1)/2"	expression
reading	804982	b.i	"\\frac{x-1}{2}"	expression
reading	804982	c.i	"2"	number
reading	80498a	a.i	"25"	number
reading	80498a	b.i	"5"	number
reading	80498a	c.i	"17"	number
reading	80498a	d.i	"intersecting"	word
reading	80498a	d.i	"not disjoint"	word
reading	80498a	d.i	"overlapping"	word
reading	80498a	d.ii	"5"	number
reading	8049b8	a.i	"19.2 m"	quantity
reading	8049b8	b.i	"20.9°"	quantity
reading	8049b8	c.i	"does not fulfil"	word
reading	8049b8	c.i	"does not meet"	word
reading	8049b8	c.i	"does not satisfy"	word
reading	8049c0	a.i	"260°"	quantity
reading	8049c0	b.i	"080°"	quantity
reading	8049c0	c.i	"40° anticlockwise"	word
reading	8049c0	c.i	"40° counterclockwise"	word
reading	8049c0	d.i	"No"	word
reading	8049c0	d.i	"No, it does not comply"	word
reading	8049c0	d.i	"No, the turn does not comply"	word
reading	8049c8	a.i	"300 m"	quantity
reading	8049c8	b.i	"550 m"	quantity
reading	8049c8	c.i	"50 m/min"	quantity
reading	8049c8	d.reason	"$0.833\\ldots$"	word
reading	8049c8	d.reason	"$0.83\\overline{3}$"	word
reading	8049c8	d.reason	"$\\frac{5}{6}$"	number
reading	8049c8	d.verdict	"No"	word
reading	8049c8	d.verdict	"did not"	word
reading	8049da	a.i	"$(P,1), (P,2)$"	set
reading	8049da	a.ii	"$(G,1), (G,2)$"	set
reading	8049da	a.iii	"$(M,1), (M,2)$"	set
reading	8049da	b.i	"$\\{(P,1),(P,2),(G,2),(M,2)\\}$"	set
reading	8049da	b.ii	"$\\frac{2}{3}$"	number
reading	8049da	c.i	"$\\frac{1}{2}$"	number
reading	8049da	d.i	"Yes"	word
reading	8049da	d.i	"yes"	word
reading	8049e7	a.i	"\\begin{pmatrix}6\\\\8\\end{pmatrix}"	column_vector
reading	8049e7	b.i	"10\\text{ m}"	quantity
reading	8049e7	c.sections	"4"	number
reading	8049e7	c.unused	"2\\text{ m}"	quantity
reading	8049f4	a.i	"4"	number
reading	8049f4	b.i	"15"	number
reading	8049f4	c.i	"144"	number
reading	8049f4	d.property	"distributive law"	word
reading	8049f4	d.property	"distributive property"	word
reading	8049f4	d.property	"distributive"	word
reading	8049fc	a.i	"\\$740"	number
reading	8049fc	a.ii	"\\$300"	number
reading	8049fc	a.iii	"\\$120"	number
reading	8049fc	b.i	"\\$1 160"	number
reading	8049fc	c.i	"\\$1 102"	number
reading	8049fc	d.i	"\\$137.75"	number
reading	8049fc	d.ii	"\\$1 239.75"	number
reading	804a04	a.i	"$l=\\frac{gT^2}{4\\pi^2}$"	expression
reading	804a04	a.i	"$l=\\frac{g}{4\\pi^2}T^2$"	expression
reading	804a04	b.i	"$39.2\\text{ m}$"	quantity
reading	804a04	c.i	"$2.8\\text{ m}$"	quantity
reading	804a04	d.decision	"is safe"	word
reading	804a04	d.decision	"meets"	word
reading	804a04	d.decision	"satisfies the safety requirement"	word
reading	804a11	a.i	"30"	number
reading	804a11	b.i	"\\frac{1}{4}"	number
reading	804a11	c.i	"\\frac{9}{16}"	number
reading	804a11	d.i	"\\frac{7}{16}"	number
reading	804a11	d.ii	"reject"	word
reading	804a11	d.ii	"rejected"	word
reading	804a19	a.i	"31.0°"	quantity
reading	804a19	b.i	"21.5 m"	quantity
reading	804a19	c.i	"8.5 m"	quantity
reading	804a21	a.i	"250°"	quantity
reading	804a21	b.i	"90°"	quantity
reading	804a21	c.i	"115°"	quantity
reading	804a29	a.i	"$x^2 - 2x - 8$"	expression
reading	804a29	a.i	"$x^2-2x-8$"	expression
reading	804a29	b.i	"$-5$"	number
reading	804a29	b.ii	"$0, 2$"	list
reading	804a29	b.ii	"$2, 0$"	list
reading	804a29	c.axis	"$x = 1$"	number
reading	804a29	c.axis	"$x=1$"	number
reading	804a29	c.minimum	"$-9$"	number
reading	804a31	a.i	"30"	number
reading	804a31	b.notation	"$C' \\cap P'$"	word
reading	804a31	b.notation	"$P' \\cap C'$"	word
reading	804a31	b.number	"20"	number
reading	804a31	c.i	"8"	number
reading	804a31	d.verdict	"No"	word
reading	804a31	d.verdict	"No, insufficient vouchers"	word
reading	804a31	d.verdict	"No, there are not enough vouchers"	word
reading	804a39	a.i	"$n(2n + 3)$"	expression
reading	804a39	a.i	"n(2n+3)"	expression
reading	804a39	b.i	"65"	number
reading	804a39	c.complete	"2"	number
reading	804a39	c.remaining	"50"	number
reading	804a39	d.i	"15"	number
reading	804a64	a.i	"$(0,-8)$"	coordinate
reading	804a64	b.i	"4"	number
reading	804a64	c.i	"8"	number
reading	804a64	c.ii	"break-even"	word
reading	804a64	c.ii	"neither a profit nor a loss"	word
reading	804a64	c.ii	"no profit or loss"	word
reading	804a74	a.i	"\\begin{pmatrix}6\\\\8\\end{pmatrix}"	column_vector
reading	804a74	b.i	"10\\text{ grid units}"	word
reading	804a74	c.verdict	"Yes"	word
reading	804a74	c.verdict	"yes"	word
reading	804a74	d.i	"\\begin{pmatrix}\\frac{23}{5}\\\\\\frac{29}{5}\\end{pmatrix}"	column_vector
reading	804a7c	a.i	"\\begin{pmatrix}20&20\\\\16&30\\end{pmatrix}"	matrix
reading	804a7c	b.i	"\\begin{pmatrix}260\\\\278\\end{pmatrix}"	column_vector
reading	804a7c	c.i	"enough"	word
reading	804a7c	c.i	"sufficient"	word
reading	804a7c	c.ii	"12"	number
reading	804a84	a.i	"050°"	quantity
reading	804a84	b.i	"140°"	quantity
reading	804a84	c.i	"320°"	quantity
reading	804a99	a.i	"\\$4 440"	number
reading	804a99	b.i	"\\$3 907.20"	number
reading	804a99	c.i	"\\$4 493.28"	number
reading	804a99	d.i	"No"	word
reading	804a99	d.i	"insufficient"	word
reading	804a99	d.i	"no"	word
reading	804a99	d.i	"not"	word
reading	804a99	d.ii	"\\$493.28"	number
reading	804aa6	a.i	"126"	number
reading	804aa6	b.i	"54"	number
reading	804aa6	b.ii	"180"	number
reading	804aa6	c.i	"Distributive property"	word
reading	804aa6	c.i	"distributive law"	word
reading	804aa6	c.i	"multiplication is distributive over addition"	word
reading	804aa6	d.i	"14 boxes"	quantity
reading	804aae	a.i	"50"	number
reading	804aae	b.i	"15/50"	number
reading	804aae	b.i	"\\frac{3}{10}"	number
reading	804aae	c.i	"\\frac{1}{20}"	number
reading	804ab6	a.i	"$\\{R, B, G\\}$"	set
reading	804ab6	a.i	"{Red, Blue, Green}"	set
reading	804ab6	a.i	"{red, blue, green}"	set
reading	804ab6	b.i	"\\frac{1}{2}"	number
reading	804ab6	b.i	"\\frac{3}{6}"	number
reading	804ab6	c.i	"\\frac{1}{4}"	number
reading	804ab6	d.i	"3"	number
reading	804ad2	a.i	"0.4 h"	quantity
reading	804ad2	b.i	"0.4 h"	quantity
reading	804ad2	b.ii	"5 km"	quantity
reading	804ad2	c.i	"1.2 h"	quantity
reading	804ad2	d.i	"0.4 h"	quantity
reading	804ad2	d.ii	"5 km/h"	quantity
reading	804ada	a.i	"$6\\text{ s}$"	quantity
reading	804ada	b.i	"$l=\\frac{T^2g}{4\\pi^2}$"	expression
reading	804ada	b.i	"$l=\\frac{gT^2}{4\\pi^2}$"	expression
reading	804ada	c.i	"$\\frac{90}{\\pi^2}\\text{ m}$"	quantity
reading	804ada	d.decision	"No"	word
reading	804ada	d.decision	"no"	word
reading	804ae2	a.i	"$\\binom{4}{3}$"	column_vector
reading	804ae2	b.i	"$\\binom{8}{0}$"	column_vector
reading	804ae2	c.i	"$40\\text{ m}$"	quantity
reading	804aea	a.i	"215°"	quantity
reading	804aea	b.i	"140°"	quantity
reading	804aea	c.i	"50°"	quantity
reading	804aea	d.i	"143 m"	quantity
reading	804af7	a.i	"x^2-2x-3"	expression
reading	804af7	a.i	"x^{2}-2x-3"	expression
reading	804af7	b.axis	"x = 1"	number
reading	804af7	b.axis	"x=1"	number
reading	804af7	b.minimum	"-4"	number
reading	804af7	c.i	"-1, 3"	list
reading	804af7	c.i	"3, -1"	list
reading	804af7	c.i	"x = -1, x = 3"	list
reading	804af7	c.i	"x=-1, x=3"	list
reading	804af7	d.i	"0, 2"	list
reading	804af7	d.i	"2, 0"	list
reading	804af7	d.i	"x = 0, x = 2"	list
reading	804af7	d.i	"x=0, x=2"	list
reading	804aff	a.i	"39.9 m"	quantity
reading	804aff	b.i	"18.4°"	quantity
reading	804b07	a.i	"15"	number
reading	804b07	b.i	"35"	number
reading	804b07	c.i	"5"	number
reading	804b0f	a.i	"$5x(3x+4)$"	expression
reading	804b0f	b.i	"$3x+4$"	expression
reading	804b0f	c.i	"$2$"	number
reading	804b0f	d.i	"$100$"	number
reading	804b1c	a.i	"$(0,16)$"	coordinate
reading	804b1c	b.i	"$(8,0)$"	coordinate
reading	804b1c	c.i	"$2$ L per hour"	number
reading	804b1c	c.i	"$2$ litres per hour"	number
reading	804b1c	c.i	"$2\\text{ L/h}$"	quantity
reading	804b1c	d.i	"$6$ litres"	number
reading	804b1c	d.i	"$6\\text{ L}$"	quantity
reading	804b1c	d.ii	"does not contain"	word
reading	804b1c	d.ii	"does not have"	word
reading	804b1c	d.ii	"does not hold"	word
reading	804b2c	a.i	"\\begin{pmatrix}3\\\\4\\end{pmatrix}"	column_vector
reading	804b2c	b.i	"500\\text{ m}"	quantity
reading	804b2c	c.i	"\\begin{pmatrix}\\frac{3}{5}\\\\\\frac{4}{5}\\end{pmatrix}"	column_vector
reading	804b2c	c.i	"\\frac{1}{5}\\begin{pmatrix}3\\\\4\\end{pmatrix}"	column_vector
reading	804b34	a.i	"\\$1 512"	number
reading	804b34	b.i	"\\$11.20"	number
reading	804b34	b.ii	"\\$30.24"	number
reading	804b34	b.iii	"\\$1 470.56"	number
reading	804b34	c.investment	"\\$264.70"	number
reading	804b34	c.retained	"\\$1 205.86"	number
reading	821070	a.i	"16"	number
reading	821070	b.i	"\\$400"	number
reading	821070	c.i	"15%"	quantity
reading	82109b	a.i	"$(0,-12)$"	coordinate
reading	82109b	b.i	"$P=1.5x-12$"	expression
reading	82109b	c.i	"8 garments"	quantity
reading	82109b	d.i	"12 garments"	quantity
reading	8210a8	a.i	"15"	number
reading	8210a8	b.i	"\\$60"	number
reading	8210a8	c.i	"\\$45"	number
reading	8210a8	d.i	"5"	number
reading	8210a8	d.i	"Figure 5"	word
reading	8210b0	a.i	"20"	number
reading	8210b0	b.i	"8"	number
reading	8210b0	b.ii	"5"	number
reading	8210b8	a.i	"sphere"	word
reading	8210b8	a.i	"spherical solid"	word
reading	8210b8	b.i	"36\\pi\\text{ m}^3"	quantity
reading	8210b8	c.i	"6\\text{ m}"	quantity
reading	8210c0	a.i	"\\$360"	number
reading	8210c0	b.i	"\\$2 040"	number
reading	8210c0	c.i	"\\$255"	number
reading	8210c0	d.amount	"\\$2 295"	number
reading	8210c0	d.change	"\\$5"	number
reading	8210c0	d.reason	"a positive integer"	word
reading	8210c0	d.reason	"a positive whole number"	word
reading	8210c0	d.reason	"positive integer"	word
reading	8210c0	d.reason	"positive whole number"	word
reading	8210c0	d.set	"N"	word
reading	8210c0	d.set	"\\mathbb{N}"	word
reading	8210c0	d.set	"natural number"	word
reading	8210c0	d.set	"natural numbers"	word
reading	8210c8	a.i	"17"	number
reading	8210c8	a.ii	"a prime number"	word
reading	8210c8	a.ii	"prime"	word
reading	8210c8	b.i	"\\$255"	number
reading	8210c8	b.ii	"\\$51"	number
reading	8210c8	b.iii	"\\$204"	number
reading	8210c8	c.i	"\\$136"	number
reading	8210d0	a.i	"14"	number
reading	8210d0	b.i	"48"	number
reading	8210d0	c.i	"32"	number
reading	8210d8	a.i	"$30\\,000\\text{ m}$"	quantity
reading	8210d8	b.i	"$45\\text{ min}$"	quantity
reading	8210d8	c.i	"$34.3\\text{ km/h}$"	quantity
reading	8210d8	d.i	"\\$303.75"	number
reading	8210e0	a.i	"12 cm"	quantity
reading	8210e0	b.i	"288\\pi\\text{ cm}^3"	quantity
reading	8210e0	c.i	"360\\pi\\text{ cm}^3"	quantity
reading	8210e0	d.i	"3\\sqrt[3]{10}\\text{ cm}"	quantity
reading	8210e0	d.i	"\\sqrt[3]{270}\\text{ cm}"	quantity
reading	8210e8	a.i	"$(0,12)$"	coordinate
reading	8210e8	b.i	"$(6,0)$"	coordinate
reading	8210e8	c.i	"$(0,16)$"	coordinate
reading	8210f0	a.i	"144 minutes"	quantity
reading	8210f0	b.i	"30 minutes"	quantity
reading	8210f0	c.median	"16"	number
reading	8210f0	c.range	"22"	number
reading	8210f0	d.verdict	"No"	word
reading	8210f0	d.verdict	"No, the clinic standard was not met"	word
reading	8210f0	d.verdict	"Not met"	word
reading	8210f8	a.i	"\\$40"	number
reading	8210f8	b.bottles	"24"	number
reading	8210f8	b.sales_tax	"\\$120"	number
reading	8210f8	c.profit	"\\$192"	number
reading	8210f8	c.total_paid	"\\$1 080"	number
reading	8210f8	d.carton_sizes	"$12, 8, 6, 4, 3, 2$"	list
reading	8210f8	d.carton_sizes	"$2, 3, 4, 6, 8, 12$"	list
reading	8210f8	d.classification	"a composite number"	word
reading	8210f8	d.classification	"composite"	word
reading	8210f8	d.number_of_sizes	"6"	number
reading	821105	a.i	"14"	number
reading	821105	b.i	"$x=1$ and $x=5$"	number
reading	821105	b.i	"1, 5"	list
reading	821105	c.i	"x = 3"	number
reading	821105	d.population	"parameter"	word
reading	821105	d.population	"population parameter"	word
reading	821105	d.sample	"sample statistic"	word
reading	821105	d.sample	"statistic"	word
reading	82110d	a.i	"radius"	word
reading	82110d	a.i	"the radius"	word
reading	82110d	b.i	"r=\\left(\\frac{3V}{4\\pi}\\right)^{\\frac{1}{3}}"	expression
reading	82110d	b.i	"r=\\sqrt[3]{\\frac{3V}{4\\pi}}"	expression
reading	82110d	c.i	"5"	number
reading	82110d	d.i	"10"	number
reading	82110d	d.ii	"not"	word
reading	82110d	d.ii	"will not"	word
reading	821115	a.i	"B"	word
reading	821115	a.i	"Package B"	word
reading	821115	b.i	"\\$174"	number
reading	821115	c.i	"\\$1 276"	number
reading	821115	c.ii	"\\$127.60"	number
reading	821115	c.iii	"\\$1 403.60"	number
reading	821115	d.i	"a profit"	word
reading	821115	d.i	"profit"	word
reading	821125	a.i	"12"	number
reading	821125	b.i	"27"	number
reading	821125	c.i	"6"	number
reading	821132	a.i	"50°"	quantity
reading	821132	b.angle	"50"	number
reading	821132	b.reason	"alternate segment theorem"	word
reading	821132	b.reason	"angle between a tangent and a chord equals the angle in the alternate segment"	word
reading	821132	b.reason	"tangent-chord theorem"	word
reading	821132	c.i	"80°"	quantity
reading	82116c	a.i	"$(0,12)$"	coordinate
reading	82116c	b.i	"$y=-2x+12$"	expression
reading	82116c	c.i	"$3$ L per hour"	number
reading	82116c	c.i	"$3$ litres per hour"	number
reading	82116c	c.i	"$3\\text{ L/h}$"	quantity
reading	82116c	d.i	"$(0,27)$"	coordinate
reading	82118d	a.i	"3600 m"	quantity
reading	82118d	b.i	"4.8 km/h"	quantity
reading	82118d	c.i	"7.2 km"	quantity
reading	82118d	d.i	"\\$275.40"	number
reading	82119a	a.i	"0.75p = 360"	number
reading	82119a	a.i	"3p/4 = 360"	number
reading	82119a	a.i	"75p = 36 000"	number
reading	82119a	b.i	"\\$480"	number
reading	82119a	c.i	"\\$30"	number
reading	82119a	c.ii	"6.25%"	quantity
reading	82119a	d.i	"N"	word
reading	82119a	d.i	"natural number set"	word
reading	82119a	d.i	"natural numbers"	word
reading	8211a2	a.i	"9 m"	quantity
reading	8211a2	b.term	"sample statistic"	word
reading	8211a2	b.term	"statistic"	word
reading	8211a2	c.i	"3 s"	quantity
reading	8211a2	d.axis	"$t=3$"	number
reading	8211a2	d.axis	"t = 3"	number
reading	8211a2	d.roots	"$t=0$ and $t=6$"	number
reading	8211a2	d.roots	"0 and 6"	word
reading	8211a2	d.roots	"0, 6"	list
reading	8211af	a.i	"$r=\\left(\\frac{3V}{4\\pi}\\right)^{\\frac{1}{3}}$"	expression
reading	8211af	a.i	"$r=\\sqrt[3]{\\frac{3V}{4\\pi}}$"	expression
reading	8211af	b.i	"$6\\text{ cm}$"	quantity
reading	8211af	c.circumference	"$12\\pi\\text{ cm}$"	quantity
reading	8211af	c.diameter	"$12\\text{ cm}$"	quantity
reading	8211c1	a.i	"r = \\sqrt[3]{\\frac{3V}{4\\pi}}"	expression
reading	8211c1	a.i	"r=\\left(\\frac{3V}{4\\pi}\\right)^{\\frac{1}{3}}"	expression
reading	8211c1	a.ii	"3\\text{ m}"	quantity
reading	8211c1	b.i	"$(3,0),\\ (3,4)$"	set
reading	8211c1	c.i	"parallel lines"	word
reading	8211c1	c.i	"parallel"	word
reading	8211c1	d.i	"a rectangle"	word
reading	8211c1	d.i	"rectangle"	word
reading	85a399	a.i	"15"	number
reading	85a3a3	a.i	"8"	number
reading	9a3ff5	a.i	"10 minutes"	quantity
reading	9a3ff5	b.i	"37.5 km h$^{-1}$"	expression
reading	9a3ff5	b.i	"37.5 km/h"	quantity
reading	9cc663	a.centre	"$(0,0)$"	coordinate
reading	9cc663	a.centre	"$O(0,0)$"	coordinate
reading	9cc663	a.centre	"the origin"	word
reading	9cc663	a.factor	"$2$"	number
reading	9cc663	a.type	"an enlargement"	word
reading	9cc663	a.type	"enlargement"	word
reading	9cc663	b.centre	"$(5,4)$"	coordinate
reading	9cc663	b.radius	"$6$ units"	number
reading	9cc663	c.i	"$(12\\pi-9\\sqrt{3})\\text{ square units}$"	quantity
reading	9cc663	c.i	"$12\\pi-9\\sqrt{3}\\text{ square units}$"	quantity
reading	9cc675	a.i	"10%"	quantity
reading	9cc675	b.i	"\\$36 000"	number
reading	9cc675	c.i	"\\$26 244"	number
reading	9cc675	c.ii	"\\$756"	number
reading	9cc675	c.iii	"accept the offer"	word
reading	9cc675	c.iii	"accept"	word
reading	9cc675	c.iii	"sell"	word
reading	9cc67d	a.i	"$4$"	number
reading	9cc67d	b.i	"$C = 4x + 6$"	expression
reading	9cc67d	c.i	"\\$42"	number
reading	9cc67d	d.i	"$6$ packs"	number
reading	9cc685	a.i	"$0.25$"	number
reading	9cc685	b.i	"$14.0^\\circ$"	number
reading	9cc685	c.i	"$5.15\\text{ m}$"	quantity
reading	9cc685	d.i	"No"	word
reading	9cc685	d.i	"No, the rail is too short"	word
reading	9cc685	d.i	"no"	word
reading	9cc68d	b.i	"$(4,6)$"	coordinate
reading	9cc68d	c.i	"$(4,1)$"	coordinate
reading	9cc68d	d.decision	"No"	word
reading	9cc695	a.i	"7"	number
reading	9cc695	c.i	"13"	number
reading	9cc695	d.i	"4"	number
reading	9cc6a7	a.i	"$10.1\\text{ km}$"	quantity
reading	9cc6a7	b.i	"$73.7°$"	quantity
reading	9cc6b9	a.i	"$\\frac{3x}{4}$"	expression
reading	9cc6b9	a.i	"$\\frac{3}{4}x$"	expression
reading	9cc6b9	c.i	"$8$"	number
reading	9cc6b9	d.i	"$6$"	number
reading	9cc6c1	a.i	"\\begin{pmatrix}2 & 0 \\\\ 0 & 2\\end{pmatrix}"	matrix
reading	9cc6c1	b.i	"\\begin{pmatrix}0 & -2 \\\\ 2 & 0\\end{pmatrix}"	matrix
reading	9cc6c1	c.i	"\\begin{pmatrix}0 & \\frac{1}{2} \\\\ -\\frac{1}{2} & 0\\end{pmatrix}"	matrix
reading	9cc6c1	d.i	"I"	word
reading	9cc6c1	d.i	"I_2"	expression
reading	9cc6c1	d.i	"the identity matrix"	word
reading	9cc6c1	d.ii	"$(3,4)$"	coordinate
reading	9cc6c9	a.i	"\\$1 296"	number
reading	9cc6c9	b.i	"\\$1 328.40"	number
reading	9cc6c9	c.i	"\\$1 315.20"	number
reading	9cc6c9	c.ii	"B"	word
reading	9cc6c9	c.ii	"Bank B"	word
reading	9cc6c9	c.iii	"\\$13.20"	number
reading	9cc6d1	a.i	"\\$22"	number
reading	9cc6d1	b.i	"10"	number
reading	9cc6d1	c.i	"\\$3 per kilometre"	word
reading	9cc6d1	d.i	"7 km"	quantity
reading	9cc6de	a.i	"$12, 19$"	list
reading	9cc6de	b.i	"$7$"	number
reading	9cc6de	c.i	"$3.5$"	number
reading	9cc6de	c.ii	"Rohan"	word
reading	9cc6de	c.ii	"Rohan, because his semi-interquartile range is smaller"	word
reading	9cc6e6	b.i	"$(3,9)$"	coordinate
reading	9cc6e6	b.ii	"$0$"	number
reading	9cc6e6	c.i	"$2<x<4$"	inequality
reading	9cc6e6	c.i	"$x \\in (2,4)$"	word
reading	9cc6ee	a.i	"$12\\text{ m}$"	quantity
reading	9cc6ee	b.i	"$18.4\\text{ m}$"	quantity
reading	9cc6ee	c.i	"$19\\text{ m}$"	quantity
reading	9cc6f6	a.i	"$382$ m$^2$"	number
reading	9cc6f6	b.i	"$9$ rolls"	number
reading	9cc6f6	c.i	"\\$675"	number
reading	9cc703	a.i	"5"	number
reading	9cc703	c.i	"$\\begin{pmatrix}\\frac{2}{5} & -\\frac{1}{5} \\\\ -\\frac{1}{5} & \\frac{3}{5}\\end{pmatrix}$"	matrix
reading	9cc703	c.i	"$\\frac{1}{5}\\begin{pmatrix}2 & -1 \\\\ -1 & 3\\end{pmatrix}$"	matrix
reading	9e8750	a.i	"300"	number
reading	9e8750	b.i	"120"	number
reading	9e8767	a.i	"$\\left(\\frac{3V}{4\\pi}\\right)^{\\frac13}$"	expression
reading	9e8767	a.i	"$\\sqrt[3]{\\frac{3V}{4\\pi}}$"	expression
reading	9e8767	b.i	"$6\\text{ cm}$"	quantity
reading	9e8767	c.i	"$\\begin{pmatrix}-18\\\\12\\end{pmatrix}$"	column_vector
reading	9e877e	a.i	"12"	number
reading	9e877e	b.i	"\\$180"	number
reading	9e877e	c.i	"12 bags"	quantity
reading	9e878b	a.i	"64°"	quantity
reading	9e878b	b.i	"58°"	quantity
reading	9e878b	c.i	"32"	number
reading	9e878b	c.ii	"alternate segment theorem"	word
reading	9e878b	c.ii	"angle in the alternate segment theorem"	word
reading	9e878b	c.ii	"the tangent-chord theorem"	word
reading	9e8793	a.i	"\\begin{pmatrix}5\\\\2\\end{pmatrix}"	column_vector
reading	9e8793	b.i	"\\begin{pmatrix}11\\\\4\\end{pmatrix}"	column_vector
reading	9e8793	c.i	"\\begin{pmatrix}15\\\\6\\end{pmatrix}"	column_vector
reading	9e87ad	a.i	"28"	number
reading	9e87ad	a.ii	"35"	number
reading	9e87ad	b.i	"7n + 7"	expression
reading	9e87ad	b.i	"T_n = 7n + 7"	expression
reading	9e87ad	b.i	"T_n=7n+7"	expression
reading	9e87ad	c.classification	"composite number"	word
reading	9e87ad	c.classification	"composite"	word
reading	9e87ad	c.code	"91"	number
reading	9e87ad	d.i	"\\$583.20"	number
reading	9e87b5	a.i	"35 cm"	quantity
reading	9e87b5	b.i	"5 cm"	quantity
reading	9e87b5	c.population_attribute	"parameter"	word
reading	9e87b5	c.population_attribute	"population parameter"	word
reading	9e87b5	c.sample_attribute	"sample statistic"	word
reading	9e87b5	c.sample_attribute	"statistic"	word
reading	9e87b5	d.i	"$x=1$ and $x=5$"	number
reading	9e87b5	d.i	"1, 5"	list
reading	9e87b5	d.ii	"9 cm"	quantity
reading	9e87b5	d.iii	"x = 3"	number
reading	9e87bd	a.i	"108°"	quantity
reading	9e87bd	b.i	"108°"	quantity
reading	9e87bd	c.type	"obtuse angle"	word
reading	9e87bd	c.type	"obtuse"	word
reading	9e87bd	d.i	"18°"	quantity
reading	9e87c5	a.i	"\\$120"	number
reading	9e87c5	b.i	"\\$680"	number
reading	9e87c5	c.i	"\\$85"	number
reading	9e87c5	c.ii	"\\$765"	number
reading	9e87c5	d.i	"\\$40"	number
reading	9e87cd	a.i	"57"	number
reading	9e87cd	b.i	"33"	number
reading	9e87cd	c.i	"66"	number
reading	9e87d5	a.i	"52°"	quantity
reading	9e87d5	b.i	"104°"	quantity
reading	9e87d5	c.i	"52°"	quantity
reading	9e87e7	a.i	"\\begin{pmatrix}6\\\\3\\end{pmatrix}"	column_vector
reading	9e87e7	b.i	"\\begin{pmatrix}5\\\\0\\end{pmatrix}"	column_vector
reading	9e87e7	c.i	"a parallelogram"	word
reading	9e87e7	c.i	"parallelogram"	word
reading	9e87ef	a.i	"M^2-2M=P"	expression
reading	9e87ef	a.i	"P=M^2-2M"	expression
reading	9e87ef	b.i	"35"	number
reading	9e87ef	c.i	"B"	word
reading	9e87f7	a.i	"390"	number
reading	9e87f7	b.i	"78"	number
reading	9e87f7	c.i	"88"	number
reading	9e87f7	d.year	"2025"	number
reading	9e87f7	d.year	"the year 2025"	word
reading	9e881d	a.i	"15"	number
reading	9e881d	b.i	"5"	number
reading	9e881d	b.ii	"$x=4$"	number
reading	9e881d	b.ii	"x = 4"	number
reading	9e881d	c.i	"360"	number
reading	9e881d	d.i	"sample statistic"	word
reading	9e881d	d.i	"statistic"	word
reading	9e881d	d.ii	"parameter"	word
reading	9e881d	d.ii	"population parameter"	word
reading	9e881d	d.iii	"179 280"	number
reading	9e8825	a.i	"30 seconds"	quantity
reading	9e8825	b.i	"1 minute"	quantity
reading	9e8825	c.i	"360 m/min"	quantity
reading	9e8825	d.verdict	"No"	word
reading	9e8825	d.verdict	"no"	word
reading	9e8832	a.i	"(0,-12)"	coordinate
reading	9e8832	b.i	"3"	number
reading	9e8832	c.i	"y=3x-12"	expression
reading	9e8832	d.i	"(4,0)"	coordinate
reading	9e8847	a.i	"3"	number
reading	9e8847	b.i	"6"	number
reading	9e8847	c.i	"9"	number
reading	9e8847	d.left_over	"3"	number
reading	9e8847	d.packets	"3"	number
reading	9e8854	a.i	"110°"	quantity
reading	9e8854	b.i	"35°"	quantity
reading	9e8854	c.i	"55°"	quantity
reading	9e886b	a.i	"\\begin{pmatrix}3\\\\2\\end{pmatrix}"	column_vector
reading	9e886b	b.i	"\\begin{pmatrix}2\\\\5\\end{pmatrix}"	column_vector
reading	9e886b	c.i	"\\begin{pmatrix}5\\\\7\\end{pmatrix}"	column_vector
reading	9e887d	a.i	"\\$560"	number
reading	9e887d	b.i	"560 + 24x - 30 = 770"	number
reading	9e887d	c.i	"10"	number
reading	9e888a	a.i	"$\\begin{pmatrix}6\\\\4\\end{pmatrix}$"	column_vector
reading	9e888a	b.i	"$200$"	number
reading	9e888a	c.i	"$\\left(\\frac{3x}{4\\pi}\\right)^{1/3}$"	expression
reading	9e888a	c.i	"$\\sqrt[3]{\\frac{3x}{4\\pi}}$"	expression
reading	9e888a	d.i	"$3.63\\text{ cm}$"	quantity
reading	9e8892	a.i	"15"	number
reading	9e8892	b.i	"D=\\frac{(n+1)(n+2)}{2}"	expression
reading	9e8892	c.i	"11"	number
reading	9e889a	a.i	"\\$360"	number
reading	9e889a	b.i	"\\$2 040"	number
reading	9e889a	c.i	"\\$255"	number
reading	9e889a	d.i	"2 295"	number
reading	9e889a	d.ii	"can"	word
reading	9e889a	d.ii	"is able to"	word
reading	9e889a	d.iii	"5"	number
reading	9e88a2	a.i	"222"	number
reading	9e88a2	b.i	"7.4"	number
reading	9e88a2	b.ii	"sample statistic"	word
reading	9e88a2	b.ii	"statistic"	word
reading	9e88a2	c.i	"population"	word
reading	9e88a2	c.i	"the population"	word
reading	9e88a2	c.ii	"1332"	number
reading	9e88aa	b.i	"\\frac{4\\pi^2}{g}"	expression
reading	9e88aa	b.ii	"\\frac{4\\pi^2}{m}"	expression
reading	9e88aa	c.i	"4"	number
reading	9e88aa	c.ii	"9.87"	number
reading	9e88c1	a.i	"-3"	number
reading	9e88c1	b.axis	"x = 3"	number
reading	9e88c1	b.element	"4"	number
reading	9e88c1	c.i	"0"	number
reading	9e88c1	d.minimum	"-1"	number
reading	9e88c1	d.roots	"2, 4"	list
reading	9e88c1	d.roots	"4, 2"	list
reading	9e88ce	a.i	"65°"	quantity
reading	9e88ce	b.i	"130°"	quantity
reading	9e88ce	c.i	"50°"	quantity
reading	9e88ce	d.type	"acute angle"	word
reading	9e88ce	d.type	"acute"	word
reading	9e88d6	a.i	"\\begin{pmatrix}3\\\\2\\end{pmatrix}"	column_vector
reading	9e88d6	b.i	"\\begin{pmatrix}9\\\\6\\end{pmatrix}"	column_vector
reading	9e88d6	c.i	"\\begin{pmatrix}5\\\\3\\end{pmatrix}"	column_vector
reading	9e88e3	a.i	"40"	number
reading	9e88e3	b.i	"80\\%"	number
reading	9e88e3	c.decision	"meets the requirement"	word
reading	9e88e3	c.decision	"meets"	word
reading	9e88e3	c.decision	"satisfies the requirement"	word
reading	9e88e3	c.minimum	"30"	number
reading	9e88f0	a.i	"37°"	quantity
reading	9e88f0	a.ii	"alternate segment theorem"	word
reading	9e88f0	a.ii	"angle in the alternate segment"	word
reading	9e88f0	a.ii	"the angle between a tangent and a chord equals the angle in the alternate segment"	word
reading	9e88f0	b.i	"53°"	quantity
reading	9e88f0	c.i	"74°"	quantity
reading	9e88f8	a.i	"480 m"	quantity
reading	9e88f8	b.i	"2 min"	quantity
reading	9e88f8	c.i	"\\$18"	number
reading	9e8905	a.i	"$(0,12)$"	coordinate
reading	9e8905	b.i	"$y=-2x+12$"	expression
reading	9e8905	c.i	"$(6,0)$"	coordinate
reading	9e8915	a.i	"51"	number
reading	9e8915	b.i	"29"	number
reading	9e8915	c.i	"\\frac{29}{80}"	number
reading	9e8915	c.ii	"greater than"	word
reading	9e8915	c.ii	"more than"	word
reading	9e891d	a.i	"\\$15 000"	number
reading	9e891d	b.i	"\\$1 500"	number
reading	9e891d	c.i	"1 500"	number
reading	9e891d	c.ii	"a profit"	word
reading	9e891d	c.ii	"profit"	word
reading	9e891d	d.i	"12.5%"	quantity
reading	9e8925	a.i	"6"	number
reading	9e8925	a.ii	"8"	number
reading	9e8925	b.i	"$P=M(M-2)$"	expression
reading	9e8925	b.i	"P=M^2-2M"	expression
reading	9e8925	c.i	"48"	number
reading	9e8932	a.i	"\\$53"	number
reading	9e8932	b.i	"\\$81"	number
reading	9e8932	c.i	"C = 11 + 7n"	expression
reading	9e8932	c.i	"C=7n+11"	expression
reading	9e8932	d.i	"16"	number
reading	9e893a	a.i	"r=\\left(\\frac{3V}{4\\pi}\\right)^{\\frac{1}{3}}"	expression
reading	9e893a	a.i	"r=\\sqrt[3]{\\frac{3V}{4\\pi}}"	expression
reading	9e893a	b.i	"2\\text{ m}"	quantity
reading	9e893a	c.i	"\\frac{125\\pi}{6}"	expression
reading	9e893a	c.ii	"can"	word
reading	9e893a	c.ii	"will"	word
reading	9e893a	c.iii	"<"	word
reading	9e893a	c.iii	"less than"	word
reading	9e893a	c.iii	"smaller than"	word
reading	9e8942	a.i	"60°"	quantity
reading	9e8942	b.i	"60°"	quantity
reading	9e8942	c.i	"60°"	quantity
reading	9e894a	a.i	"\\begin{pmatrix}6\\\\-4\\end{pmatrix}"	column_vector
reading	9e894a	b.i	"\\begin{pmatrix}10\\\\-3\\end{pmatrix}"	column_vector
reading	9e894a	c.i	"3\\sqrt{13}\\text{ km}"	quantity
reading	9e894a	d.midpoint	"not"	word
reading	9e894a	d.ratio	"2:3"	ratio
reading	9e8957	a.i	"20"	number
reading	9e8957	b.i	"9.4"	number
reading	9e8957	c.i	"1410"	number
reading	9e8957	d.i	"sample mean"	word
reading	9e8957	d.i	"sample statistic"	word
reading	9e8957	d.i	"statistic"	word
reading	9e8957	d.ii	"parameter"	word
reading	9e8957	d.ii	"population mean"	word
reading	9e8957	d.ii	"population parameter"	word
reading	9e8957	d.iii	"representative of the population"	word
reading	9e8957	d.iii	"representative"	word
reading	9e8957	d.iii	"typical"	word
reading	9e895f	a.i	"5"	number
reading	9e895f	b.i	"6"	number
reading	9e895f	c.i	"$x=3$"	number
reading	9e895f	c.i	"x = 3"	number
reading	9e895f	d.i	"50"	number
reading	9e8967	a.i	"3"	number
reading	9e8967	b.i	"18"	number
reading	9e8967	c.i	"Yes"	word
reading	9e8967	c.i	"Yes, because 95 bottles exceeds the estimated 90 bottles"	word
reading	9e8974	a.i	"3"	number
reading	9e8974	b.i	"$M=1+3n$"	expression
reading	9e8974	b.i	"M = 3n + 1"	expression
reading	9e8974	c.i	"31"	number
reading	9e898e	a.i	"a sphere"	word
reading	9e898e	a.i	"sphere"	word
reading	9e898e	b.i	"\\sqrt[3]{\\frac{3V}{4\\pi}}"	expression
reading	9e898e	b.i	"r=\\sqrt[3]{\\frac{3V}{4\\pi}}"	expression
reading	9e898e	c.i	"6\\text{ m}"	quantity
reading	9e899b	a.i	"68°"	quantity
reading	9e899b	b.i	"22°"	quantity
reading	9e899b	c.i	"136°"	quantity
reading	a9f4c8	a.x	"4"	number
reading	a9f4c8	a.y	"3"	number
reading	a9f4c8	b.i	"\\begin{pmatrix}6\\\\8\\end{pmatrix}"	column_vector
reading	a9f4c8	b.ii	"10"	number
reading	a9f4c8	c.i	"\\begin{pmatrix}\\frac{3}{5}\\\\\\frac{4}{5}\\end{pmatrix}"	column_vector
reading	a9f4c8	c.ii	"\\begin{pmatrix}9\\\\12\\end{pmatrix}"	column_vector
reading	a9f4c8	d.i	"\\begin{pmatrix}19\\\\23\\end{pmatrix}"	column_vector
reading	a9f4c8	d.ii	"29.8"	number
reading	a9f4c8	d.iii	"can"	word
reading	a9f4c8	d.iii	"is able to"	word
reading	a9f4d0	a.i	"$\\begin{pmatrix}2\\\\1\\end{pmatrix}$"	column_vector
reading	a9f4d0	b.i	"$(5,2)$"	coordinate
reading	a9f4d0	b.ii	"$(4,4)$"	coordinate
reading	a9f4d0	c.i	"$(-2,2)$"	coordinate
reading	a9f4d0	d.i	"similar"	word
reading	a9f4d0	d.ii	"same"	word
reading	a9f4d0	d.ii	"the same"	word
reading	a9f4d0	d.ii	"unchanged"	word
reading	a9f4d0	d.iii	"non-congruent"	word
reading	a9f4d0	d.iii	"not congruent"	word
reading	a9f4d0	d.iv	"twice"	word
reading	a9f4d0	d.iv	"two times"	word
reading	a9f4d8	a.i	"$\\binom{6}{4}$"	column_vector
reading	a9f4d8	b.i	"$056°$"	quantity
reading	a9f4d8	d.i	"$36\\text{ m}^2$"	quantity
reading	a9f4e0	a.i	"$AN$"	word
reading	a9f4e0	a.i	"AN"	word
reading	a9f4e0	a.ii	"$1$"	number
reading	a9f4e0	b.i	"$10\\sqrt{2}$"	expression
reading	a9f4e0	c.i	"bisects"	word
reading	a9f4e0	c.i	"divides into two equal parts"	word
reading	a9f4e0	c.ii	"$5\\sqrt{2}$"	expression
reading	a9f4e0	d.i	"$5\\sqrt{2}$"	expression
reading	a9f4e0	d.ii	"$50$"	number
reading	a9f4e0	d.iii	"insufficient"	word
reading	a9f4e0	d.iii	"not"	word
reading	a9f4e8	a.i	"2"	number
reading	a9f4e8	b.i	"$y = 2x - 6$"	expression
reading	a9f4e8	c.i	"$(3,0)$"	coordinate
reading	a9f4e8	d.i	"2"	number
reading	a9f4e8	d.ii	"$3x - y = 6$"	number
reading	a9f4e8	d.ii	"$y = 3x - 6$"	expression
reading	a9f4f5	a.i	"\\$3 000"	number
reading	a9f4f5	b.i	"\\$2 700"	number
reading	a9f4f5	c.i	"12.5\\%"	number
reading	a9f4f5	d.i	"3.6 percentage points"	word
reading	a9f4fd	a.i	"20"	number
reading	a9f4fd	b.i	"$0:2,\\ 1:4,\\ 2:6,\\ 3:4,\\ 4:3,\\ 5:1,\\ \\text{Total}:20$"	ratio
reading	a9f4fd	c.mean	"2.25"	number
reading	a9f4fd	c.median	"2"	number
reading	a9f4fd	c.mode	"2"	number
reading	a9f505	a.i	"$b+c=-1, 5b+c=-25$"	list
reading	a9f505	a.i	"$c+b=-1, c+5b=-25$"	list
reading	a9f505	b.i	"$b=-6, c=5$"	list
reading	a9f505	b.i	"$c=5, b=-6$"	list
reading	a9f505	c.i	"$(x-3)^2-4$"	expression
reading	a9f505	d.i	"$2$ batches or $4$ batches"	word
reading	a9f505	d.i	"$x=2,4$"	roots
reading	a9f50d	a.i	"\\$18 000"	number
reading	a9f50d	b.i	"\\$$1.8 \\times 10^4$"	word
reading	a9f50d	c.i	"$37.5\\%$"	number
reading	a9f515	a.i	"$(4,9)$"	coordinate
reading	a9f515	a.ii	"$1, 7$"	list
reading	a9f515	b.i	"$-(x-8)^2+9$"	expression
reading	a9f515	c.i	"$x=8$"	number
reading	a9f515	c.ii	"$9$"	number
reading	a9f515	d.i	"$2$"	number
reading	a9f515	d.ii	"$5$"	number
reading	a9f515	d.iii	"$11$"	number
reading	a9f515	d.iv	"$6$"	number
reading	a9f51d	a.i	"$5\\text{ m}$"	quantity
reading	a9f51d	b.i	"$2400 + 450\\pi\\text{ m}^2$"	quantity
reading	a9f51d	c.i	"$3777\\text{ m}^2, 3851\\text{ m}^2, 37\\text{ m}^2$"	list
reading	a9f51d	d.i	"No"	word
reading	a9f51d	d.i	"No."	word
reading	a9f52a	a.i	"$19.5$"	number
reading	a9f52a	a.ii	"$24.5$"	number
reading	a9f52a	b.i	"$30-39$ and $40-49$"	expression
reading	a9f52a	b.i	"$30-39$, $40-49$"	word
reading	a9f52a	b.i	"30-39 and 40-49"	word
reading	a9f52a	b.ii	"$30-39$"	word
reading	a9f52a	b.ii	"30-39"	word
reading	a9f52a	c.i	"$36.25$"	number
reading	a9f52a	d.i	"$8.63$"	number
reading	a9f537	a.i	"$\\begin{pmatrix}6\\\\-3\\end{pmatrix}$"	column_vector
reading	a9f537	b.B'	"$(4,1)$"	coordinate
reading	a9f537	b.C'	"$(5,-2)$"	coordinate
reading	a9f537	c.B''	"$(6,4)$"	coordinate
reading	a9f537	c.C''	"$(8,-2)$"	coordinate
reading	a9f53f	a.i	"$\\binom{4}{3}$"	column_vector
reading	a9f53f	b.i	"$053°$"	quantity
reading	a9f53f	c.i	"$8$"	number
reading	a9f53f	d.i	"$053°$"	quantity
reading	a9f556	a.i	"$5\\sqrt{2}\\text{ cm}$"	quantity
reading	a9f556	b.i	"$(10+5\\sqrt{2})\\text{ cm}$"	quantity
reading	a9f556	c.lines_of_symmetry	"8"	number
reading	a9f556	c.rotational_order	"8"	number
reading	a9f556	c.smallest_angle	"$45^\\circ$"	number
reading	a9f556	d.decision	"It will not"	word
reading	a9f556	d.decision	"No"	word
reading	a9f556	d.decision	"No, it will not"	word
reading	a9f570	a.i	"$\\{A,D,K,M,J,N,R,S\\}$"	set
reading	a9f570	a.i	"$\\{A,D,K,R,S,M,J,N\\}$"	set
reading	a9f570	b.i	"$\\{A,D,K,J,M,N\\}$"	set
reading	a9f570	b.i	"$\\{A,D,K,M,J,N\\}$"	set
reading	a9f570	c.i	"$\\{\\{A,D\\},\\{A,K\\},\\{D,K\\}\\}$"	set
reading	a9f570	c.i	"$\\{\\{A,K\\},\\{A,D\\},\\{D,K\\}\\}$"	set
reading	a9f570	c.i	"$\\{\\{D,A\\},\\{K,A\\},\\{K,D\\}\\}$"	set
reading	a9f570	d.i	"Yes"	word
reading	a9f570	d.i	"yes"	word
reading	a9f57d	a.i	"$3(x-4)+2x+12$"	expression
reading	a9f57d	b.i	"$-15$"	number
reading	a9f57d	d.i	"$7$"	number
reading	a9f585	a.i	"\\$100"	number
reading	a9f585	b.i	"\\$85"	number
reading	a9f585	c.i	"6.25%"	quantity
reading	a9f592	a.i	"$32$"	number
reading	a9f592	b.i	"$4$"	number
reading	a9f592	c.i	"$1: 1, 2: 2, 3: 5, 4: 4$"	word
reading	a9f592	d.i	"$3$"	number
reading	a9f592	d.ii	"$3$"	number
reading	a9f592	d.iii	"No"	word
reading	a9f592	d.iii	"false"	word
reading	a9f592	d.iii	"incorrect"	word
reading	a9f592	d.iii	"not true"	word
reading	a9f59f	a.i	"$\\begin{pmatrix}5\\\\-2\\end{pmatrix}$"	column_vector
reading	a9f59f	b.i	"$(4,3)$"	coordinate
reading	a9f59f	b.ii	"$(6,0)$"	coordinate
reading	a9f59f	c.i	"$(2,0)$"	coordinate
reading	a9f59f	c.ii	"$(6,6)$"	coordinate
reading	a9f59f	c.iii	"$(10,0)$"	coordinate
reading	a9f59f	d.i	"Similar"	word
reading	a9f59f	d.i	"similar"	word
reading	a9f59f	d.iii	"Congruent"	word
reading	a9f59f	d.iii	"congruent"	word
reading	a9f59f	d.v	"same"	word
reading	a9f59f	d.v	"the same"	word
reading	a9f59f	d.v	"unchanged"	word
reading	a9f5a7	a.i	"$\\begin{pmatrix}4\\\\4\\end{pmatrix}$"	column_vector
reading	a9f5a7	b.i	"$045°$"	quantity
reading	a9f5a7	c.i	"$3$"	number
reading	a9f5a7	d.verdict	"YES"	word
reading	a9f5a7	d.verdict	"Yes"	word
reading	a9f5af	a.i	"$14\\text{ cm}$"	quantity
reading	a9f5af	b.i	"$124\\text{ cm}$"	quantity
reading	a9f5af	c.i	"$31\\text{ cm}$"	quantity
reading	a9f5af	d.i	"$31\\sqrt{2}$"	expression
reading	a9f5af	d.ii	"4 lines of symmetry and rotational symmetry of order 4"	word
reading	a9f5af	d.ii	"four lines of symmetry and rotational symmetry of order four"	word
reading	a9f5bc	a.i	"$b=-5,\\ c=5$"	list
reading	a9f5bc	b.i	"$Q=\\left(t-\\frac{5}{2}\\right)^2-\\frac{5}{4}$"	expression
reading	a9f5bc	c.i	"$t=\\frac{5-\\sqrt{5}}{2}$ or $t=\\frac{5+\\sqrt{5}}{2}$"	roots
reading	a9f5bc	d.verdict	"No"	word
reading	a9f5bc	d.verdict	"No, Devon is not correct"	word
reading	a9f5c9	a.i	"390 000"	number
reading	a9f5c9	b.i	"$3.9 \\times 10^5$"	word
reading	b1a547	b.i	"$-1, 3$"	list
reading	b1a547	c.i	"$x = 1$"	number
reading	b1a54f	b.i	"$1, 3$"	list
reading	b1a54f	c.i	"$x=2$"	number
reading	b1a54f	d.i	"$(2,-1)$"	coordinate
reading	b1a574	b.i	"$0\\text{ s}$ and $6\\text{ s}$"	word
reading	b1a574	c.i	"$3\\text{ s}$"	quantity
reading	b1a574	d.i	"$9\\text{ m}$"	quantity
reading	b1a57c	b.i	"$1, 5$"	list
reading	b1a57c	c.i	"$x=3$"	number
reading	b1a57c	d.i	"$(3,-4)$"	coordinate
reading	b1a584	b.i	"\\$6"	number
reading	b1a584	c.i	"\\$12"	number
reading	b1a584	d.i	"4 km"	quantity
reading	b1a58c	a.i	"$x<3$"	inequality
reading	b1a58c	c.i	"B, C, A"	word
reading	b1a58c	c.i	"Heat B, Heat C, Heat A"	word
reading	b1a594	b.i	"$0\\text{ s}$ and $4\\text{ s}$"	word
reading	b1a594	c.i	"$4\\text{ s}$"	quantity
reading	b1a59c	a.i	"$3\\text{ m}^3$"	quantity
reading	b1a59c	c.i	"\\$2400"	number
reading	b1a59c	d.i	"\\$300"	number
reading	b1a5ae	b.i	"\\$2"	number
reading	b1a5ae	b.ii	"\\$5"	number
reading	b1a5ae	c.i	"\\$18"	number
reading	b1a5d9	a.i	"$\\begin{pmatrix}1\\\\1\\end{pmatrix}$"	column_vector
reading	b1a5d9	b.i	"$\\begin{pmatrix}2\\\\2\\end{pmatrix}$"	column_vector
reading	b1a5d9	d.centre	"$O$"	word
reading	b1a5d9	d.centre	"centre $O$"	word
reading	b1a5d9	d.centre	"origin $(0,0)$"	word
reading	b1a5d9	d.centre	"the origin"	word
reading	b1a5d9	d.factor	"$2$"	number
reading	b1a5d9	d.type	"an enlargement"	word
reading	b1a5d9	d.type	"enlargement"	word
reading	b1a5ee	a.i	"6"	number
reading	b1a5ee	b.i	"x+y=8"	number
reading	b1a5ee	b.ii	"12x+6y=72"	number
reading	b1a5ee	d.i	"\\$156"	number
reading	b1a5fb	a.i	"\\$500"	number
reading	b1a5fb	c.i	"$6.4\\%$ more"	word
reading	b1a603	a.i	"7"	number
reading	b1a603	a.ii	"13"	number
reading	b1a603	c.i	"3"	number
reading	b1a603	d.i	"Yes"	word
reading	b1a603	d.i	"Yes, because the fee is \\$45"	word
reading	b1a60b	a.i	"38"	number
reading	b1a60b	b.i	"13"	number
reading	b1a60b	d.i	"25"	number
reading	b1a613	b.i	"$2n+1$"	expression
reading	b1a613	c.i	"12"	number
reading	b1a620	b.i	"$y = 4x$"	expression
reading	b1a620	b.i	"$y=4x$"	expression
reading	b1a620	c.i	"16"	number
reading	b1a620	d.i	"4"	number
reading	b1a620	d.ii	"row arrangement"	word
reading	b1a620	d.ii	"row formation"	word
reading	b1a620	d.ii	"row"	word
reading	b1a628	a.i	"$1.5$ kg"	number
reading	b1a628	c.i	"Devon"	word
reading	b1a63a	b.i	"$(0,16)$ and $(6,4)$"	word
reading	b1a63a	d.profit	"$2 600"	number
reading	b1a63a	d.profit	"$26$ hundred dollars"	word
reading	b1a63a	d.profit	"$2600"	number
reading	b1a63a	d.profit	"2600 dollars"	quantity
reading	b1a642	a.i	"\\$200"	number
reading	b1a642	c.i	"\\$600"	number
reading	b1a642	d.i	"$25\\%$"	number
reading	b1a668	b.centre	"$(0,0)$"	coordinate
reading	b1a668	b.centre	"$O(0,0)$"	coordinate
reading	b1a668	b.centre	"the origin"	word
reading	b1a668	b.factor	"$2$"	number
reading	b1a668	b.type	"an enlargement"	word
reading	b1a668	b.type	"enlargement"	word
reading	b1a668	c.A''	"$(8,-6)$"	coordinate
reading	b1a668	c.B''	"$(8,6)$"	coordinate
reading	b1a668	d.i	"$73.7°, 53.1°$"	list
reading	b1a675	a.i	"\\begin{pmatrix}1&0\\\\0&1\\end{pmatrix}"	matrix
reading	b1a675	c.i	"\\begin{pmatrix}1&0\\\\1&1\\end{pmatrix}"	matrix
reading	b1a682	a.i	"1"	number
reading	b1a682	a.ii	"1"	number
reading	b1a682	c.i	"$17.0\\text{ m}$"	quantity
reading	b1a68a	b.i	"$(4,12)$"	coordinate
reading	b1a692	b.i	"$68\\text{ m}$"	quantity
reading	b1a692	c.i	"$40\\text{ m}$"	quantity
reading	b1a692	d.i	"$164^\\circ$"	number
reading	b1a69a	a.i	"\\$6 000"	number
reading	b1a69a	c.i	"$15\\%$"	number
reading	b1a6a2	a.i	"$21, 22, 23, 24, 24, 25, 26, 27, 28, 29$"	list
reading	b1a6a2	b.interquartile_range	"$4$ minutes"	number
reading	b1a6a2	b.lower_quartile	"$23$ minutes"	number
reading	b1a6a2	b.upper_quartile	"$27$ minutes"	number
reading	b1a6be	b.i	"$t=-2,\\ 2$"	roots
reading	b1a6be	c.i	"non-singular"	word
reading	b1a6be	c.i	"nonsingular"	word
reading	b1a6be	d.i	"Yes"	word
reading	b1a6be	d.i	"yes"	word
reading	b6c944	a.i	"$x=8,\\ y=4$"	list
reading	b6c955	a.i	"$-\\mathbf{a}+4\\mathbf{b}$"	expression
reading	b6c955	a.i	"$4\\mathbf{b}-\\mathbf{a}$"	expression
reading	b77065	a.i	"$616\\text{ m}^2$"	quantity
reading	b77065	b.i	"\\$6 160"	number
reading	b77065	d.i	"\\$1 771"	number
reading	b7706f	a.i	"\\$62 400"	number
reading	b7706f	b.i	"\\$67 491.84"	number
reading	b7706f	c.i	"\\$7 491.84"	number
reading	b7706f	d.difference	"\\$491.84 excess"	number
reading	b7706f	d.difference	"\\$491.84 left"	number
reading	b7706f	d.difference	"\\$491.84 remaining"	number
reading	b7706f	d.status	"enough"	word
reading	b7706f	d.status	"sufficient"	word
reading	b77079	a.i	"\\$630"	number
reading	b77079	b.i	"5%"	quantity
reading	b77079	c.i	"\\$12 000"	number
reading	b77079	d.i	"\\$1 891.50"	number
reading	b77083	a.i	"\\$670"	number
reading	b77083	b.i	"\\$10.05"	number
reading	b77083	c.i	"\\$659.95"	number
reading	b77094	a.i	"$3\\ 080\\text{ L}$"	number
reading	b77094	b.i	"\\$2 310"	number
reading	b77094	c.i	"\\$344.96"	number
reading	b77094	d.i	"Correct"	word
reading	b77094	d.i	"Yes"	word
reading	b77094	d.i	"yes"	word
reading	b7709e	a.i	"\\$18 000"	number
reading	b7709e	b.i	"\\$2 700"	number
reading	b7709e	c.i	"\\$26 700"	number
reading	b7709e	c.ii	"accept the agreement"	word
reading	b7709e	c.ii	"accept"	word
reading	b7709e	d.i	"\\$862.50"	number
reading	b770a8	a.i	"\\$21 000"	number
reading	b770a8	c.i	"\\$3 152.50"	number
reading	b770b2	a.i	"\\$2 200"	number
reading	b770b2	a.ii	"\\$33"	number
reading	b770b2	a.iii	"\\$2 233"	number
reading	b770b2	b.i	"\\$1 613.34"	number
reading	b770b2	c.i	"$13.2\\%$"	number
reading	b770b2	d.i	"$15\\%$"	number
reading	b770bc	a.i	"\\$1 440"	number
reading	b770bc	b.i	"\\$1 800"	number
reading	b770bc	c.i	"\\$360"	number
reading	b770bc	c.ii	"$20\\%$"	number
reading	b770c6	a.i	"\\$6 000"	number
reading	b770c6	b.i	"\\$720"	number
reading	b770c6	c.i	"\\$5 280"	number
reading	b770c6	c.ii	"\\$480"	number
reading	b770c6	d.i	"\\$4 280"	number
reading	c0becb	b.i	"$6$"	number
reading	c0becb	b.ii	"Yes"	word
reading	c0becb	b.ii	"yes"	word
reading	c0becb	c.i	"$4$"	number
reading	c0becb	d.i	"$2$ days"	number
reading	c0becb	d.i	"2 days"	quantity
reading	c0bed3	a.i	"$\\frac{3}{8}$"	number
reading	c0bed3	c.i	"90"	number
reading	c0bed3	d.i	"Yes"	word
reading	c0bed3	d.i	"Yes, exactly enough"	word
reading	c0bed3	d.i	"Yes, the bags are enough"	word
reading	c0bedb	a.i	"22"	number
reading	c0bedb	b.i	"7"	number
reading	c0bee3	a.i	"$24\\text{ m}^2$"	quantity
reading	c0bee3	c.i	"\\$49.20"	number
reading	c0beeb	b.i	"$1, 2, 3, 4, 6, 12$"	list
reading	c0beeb	b.ii	"$-1, -2, -3, -4, -6, -12$"	list
reading	c0beeb	c.i	"6"	number
reading	c0beeb	d.i	"$6, 12, 18, 24, 30$"	list
reading	c0bef3	a.i	"$7\\text{ m}$"	quantity
reading	c0bef3	c.i	"$1.5\\text{ m}^2$"	quantity
reading	c0bef3	c.ii	"$126$"	number
reading	c0bef3	d.i	"$13$ packs"	number
reading	c0befb	b.i	"13"	number
reading	c0befb	c.i	"16"	number
reading	c0befb	d.i	"19"	number
reading	c0bf03	b.i	"1"	number
reading	c0bf03	c.i	"$y=x-3$"	expression
reading	c0bf03	d.i	"$(2,-1), (3,0)$"	set
reading	c0bf0b	a.i	"24"	number
reading	c0bf0b	b.i	"$2^3 \\times 3$"	word
reading	c0bf0b	b.ii	"$2^2 \\times 3^2$"	word
reading	c0bf0b	b.iii	"12"	number
reading	c0bf13	a.i	"$1$"	number
reading	c0bf13	c.i	"$\\begin{pmatrix}40 \\\\ 50\\end{pmatrix}$"	column_vector
reading	c0bf2a	a.i	"$x^2+7x+12$"	expression
reading	c0bf2a	c.i	"$3x^3+27x^2+78x+72$"	expression
reading	c0bf32	a.i	"$38.5\\text{ m}^2$"	quantity
reading	c0bf32	b.i	"\\$385"	number
reading	c0bf32	d.i	"\\$246.40"	number
reading	c0bf3a	a.i	"$30\\sqrt{3}\\,\\text{m}^2$"	quantity
reading	c0bf3a	c.i	"$120\\sqrt{3}\\,\\text{m}^2$"	quantity
reading	c0bf51	b.i	"$(-1,-1)$"	coordinate
reading	c0bf51	c.i	"$2\\sqrt{5}$"	expression
reading	c0bf51	c.ii	"$(-2,-3)$"	coordinate
reading	c0bf51	d.i	"$y=-\\frac{1}{2}x-4$"	expression
reading	c0bf51	d.ii	"$(-4,-2)$ and $(0,-4)$"	expression
reading	c0bf59	b.i	"17"	number
reading	c0bf59	b.ii	"x+1"	expression
reading	c0bf59	c.i	"4"	number
reading	c0bf61	b.i	"$24\\text{ cm}^2$"	quantity
reading	c0bf61	c.i	"$96\\text{ cm}^2$"	quantity
reading	c0bf69	a.i	"\\$450"	number
reading	c0bf69	c.i	"US\\$27.50"	number
reading	c0bf92	a.i	"50"	number
reading	c0bf92	c.i	"56\\%"	number
reading	c0bf92	d.i	"32\\%"	number
reading	c0bf9a	b.i	"\\$117.60"	number
reading	c0bf9a	c.i	"\\$600"	number
reading	c0bf9a	d.i	"\\$718"	number
reading	c0bfa2	a.i	"$6x+12$"	expression
reading	c0bfaa	a.i	"$90\\pi\\text{ cm}^3$"	quantity
reading	c0bfaa	c.i	"52"	number
reading	c0bfaa	c.ii	"$72\\pi\\text{ cm}^3$"	quantity
reading	c0bfba	b.i	"$(2,1)$"	coordinate
reading	c0bfba	c.i	"$f^{-1}(x)=2+\\sqrt{x-1},\\ 1\\le x\\le17$"	inequality
reading	c0bfba	c.i	"$f^{-1}:x\\to2+\\sqrt{x-1},\\ 1\\le x\\le17$"	inequality
reading	c0bfba	d.i	"$5\\text{ kg}$"	quantity
reading	c0bfc2	b.i	"$1, 3$"	list
reading	c0bfc2	c.i	"$x=2$"	number
reading	c0bfc2	d.i	"$(2,-1)$"	coordinate
reading	c0bfc2	d.ii	"$-1$"	number
reading	c0bfd4	a.i	"12"	number
reading	c0bfd4	c.i	"90"	number
reading	c0bfd4	c.ii	"120"	number
reading	c0bfd4	c.iii	"150"	number
reading	c0bfe1	b.i	"$(1,0)$"	coordinate
reading	c0bfe1	b.ii	"$(0,3)$"	coordinate
reading	c0bfe1	c.i	"$0$"	number
reading	c0bfe1	d.i	"$-3$"	number
reading	c0bfe1	d.ii	"Yes"	word
reading	c0bfe1	d.ii	"yes"	word
reading	c0bfe9	a.i	"\\$15 000"	number
reading	c0bfe9	b.i	"\\$16 224"	number
reading	c0bfe9	c.decision	"YES"	word
reading	c0bfe9	c.decision	"Yes"	word
reading	c0bfe9	c.decision	"yes"	word
reading	c0bfe9	c.interest	"\\$1 224"	number
reading	c0bfe9	c.surplus	"\\$224"	number
reading	c0bff1	a.i	"22 m"	quantity
reading	c0bff1	b.i	"70 m"	quantity
reading	c0bff1	c.i	"14 m"	quantity
reading	c0bff9	b.i	"4"	number
reading	c0bff9	c.i	"64"	number
reading	c0bff9	d.i	"5"	number
reading	c0c001	a.i	"$m=\\frac{3}{2}p$"	expression
reading	c0c001	b.i	"20"	number
reading	c0c001	c.i	"$t=\\frac{60}{n}$"	expression
reading	c0c009	b.i	"$\\begin{pmatrix}0&2\\\\2&0\\end{pmatrix}$"	matrix
reading	c0c009	c.i	"$\\begin{pmatrix}0&\\frac{1}{2}\\\\\\frac{1}{2}&0\\end{pmatrix}$"	matrix
reading	c0c009	d.i	"$\\begin{pmatrix}3\\\\5\\end{pmatrix}$"	column_vector
reading	c0c011	a.i	"$1.88\\text{ m}$"	quantity
reading	c0c011	b.i	"4"	number
reading	c0c011	c.i	"\\$32.00"	number
reading	c0c019	a.i	"216 cups"	quantity
reading	c0c019	b.i	"169 cups"	quantity
reading	c0c019	c.i	"13 cups"	quantity
reading	c0c035	b.i	"$C=8D$"	expression
reading	c0c035	b.i	"$C=8\\times D$"	expression
reading	c0c035	b.ii	"\\$128"	number
reading	c0c035	c.i	"$W=12n^{-1}$"	expression
reading	c0c035	c.i	"$W=\\frac{12}{n}$"	expression
reading	c0c035	c.ii	"$2$"	number
reading	c0c035	d.i	"$n=6,\\ W=2,\\ C=\\$288$"	list
reading	c0c03d	a.i	"30"	number
reading	c0c03d	b.i	"$0.4$"	number
reading	c0c03d	b.i	"$\\frac{12}{30}$"	number
reading	c0c03d	b.i	"$\\frac{2}{5}$"	number
reading	c0c03d	c.i	"\\$54"	number
reading	c0c03d	d.i	"$C = 18 + 3x$"	expression
reading	c0c03d	d.i	"$C = 3x + 18$"	expression
reading	c0c045	a.i	"$67.5$"	number
reading	c0c045	c.mode	"Bus"	word
reading	c0c045	c.mode	"bus"	word
reading	c0c045	d.i	"$39$ students"	number
reading	c0c04d	b.i	"$5^2$"	word
reading	c0c04d	c.i	"$5^4$"	word
reading	c0c04d	d.i	"$25$"	number
reading	c0c055	a.i	"32"	number
reading	c0c055	b.i	"24"	number
reading	c0c055	c.i	"56"	number
reading	c0c055	c.ii	"5"	number
reading	c0c05d	a.i	"$\\frac{3}{8}$"	number
reading	c0c05d	b.i	"36"	number
reading	c0c05d	c.i	"$1,36$"	list
reading	c0c05d	c.ii	"$2,18$"	list
reading	c0c05d	c.iii	"$3,12$"	list
reading	c0c05d	c.iv	"$4,9$"	list
reading	c0c05d	d.i	"No"	word
reading	c0c05d	d.i	"No, Devon is not correct"	word
reading	c0c065	b.i	"$-1, 5$"	list
reading	c0c065	c.i	"$x\\in\\{0,1,2,3,4\\}$"	word
reading	c0c065	d.i	"$6$"	number
reading	c0c06d	b.i	"$(4,6)$"	coordinate
reading	c0c06d	c.i	"\\$9"	number
reading	c0c08e	a.i	"$\\frac{BC}{AB}$"	expression
reading	c0c08e	a.i	"$\\frac{h}{12}$"	expression
reading	c0c08e	b.i	"$9.0\\text{ m}$"	quantity
reading	c0c08e	c.i	"$15.0\\text{ m}$"	quantity
reading	c0c08e	d.i	"6 of each type"	word
reading	c0c08e	d.i	"6 vertical poles and 6 diagonal poles"	word
reading	c0c09b	a.i	"$1$ km and $5$ km"	word
reading	c0c09b	b.i	"$1<x<5$ km"	inequality
reading	c0c09b	c.i	"\\$3"	number
reading	c0c0ad	a.i	"$30^\\circ$"	number
reading	c0c0ad	c.i	"$34.6\\text{ m}$"	quantity
reading	c0c0ce	a.i	"$x+y\\leq12$"	number
reading	c0c0ce	b.i	"$(0,0), (12,0), (6,6), (0,10)$"	set
reading	c0c0ce	c.profits	"$0, \\$840, \\$960, \\$900$"	list
reading	c0c0d6	a.i	"$\\tan 30^\\circ = \\frac{QR}{6}$"	expression
reading	c0c0d6	a.i	"$\\tan 30^\\circ = \\frac{QR}{PQ}$"	expression
reading	c0c0d6	b.i	"$2\\sqrt{3}\\text{ m}$"	quantity
reading	c0c0d6	c.i	"$4\\sqrt{3}\\text{ m}$"	quantity
reading	c0c0d6	d.i	"$\\frac{3}{2\\sqrt{3}}$"	expression
reading	c0c0d6	d.i	"$\\frac{\\sqrt{3}}{2}$"	expression
reading	c0c0ed	b.type	"reflection in a line"	word
reading	c0c0ed	b.type	"reflection"	word
reading	c0c0ed	c.i	"$G(-1,-4), H(7,-4), I(3,-10)$"	expression
reading	c0c0ed	d.i	"$40\\sqrt{3}\\text{ m}^2$"	quantity
reading	c0c0fa	a.i	"$18\\text{ m}$"	quantity
reading	c0c0fa	c.i	"$y=\\dfrac{18}{x}$"	expression
reading	c0c0fa	d.i	"$45\\text{ m}$"	quantity
reading	c0c102	a.i	"17"	number
reading	c0c102	b.i	"38"	number
reading	c0c102	c.i	"12"	number
reading	c0c102	c.ii	"$(J \\cup P)'$"	word
reading	c0c102	c.ii	"$J' \\cap P'$"	word
reading	c1f204	a.i	"\\$720"	number
reading	c1f204	b.i	"\\$6 720"	number
reading	c29c18	a.i	"10"	number
reading	c29c18	c.i	"4"	number
reading	c29c18	d.i	"2"	number
reading	c29c20	a.i	"$2.83$"	number
reading	c29c20	b.i	"Week 1"	word
reading	c29c20	b.ii	"a lower standard deviation"	word
reading	c29c20	b.ii	"the lowest standard deviation"	word
reading	c29c20	b.ii	"the smaller standard deviation"	word
reading	c29c28	a.i	"$6x-6$"	expression
reading	c29c28	b.i	"\\$66"	number
reading	c29c28	c.i	"$30\\%$"	number
reading	c75c59	b.i	"$2, 3$"	list
reading	c75c59	c.i	"$0$"	number
reading	c75c59	d.average	"median"	word
reading	c75c59	d.average	"the median"	word
reading	c75c59	d.value	"$2$"	number
reading	c75c61	b.minimum	"$(3,1)$"	coordinate
reading	c75c61	b.y_intercept	"$(0,10)$"	coordinate
reading	c75c61	c.i	"1"	number
reading	c75c61	d.average	"mode"	word
reading	c75c61	d.average	"the mode"	word
reading	c75c69	b.i	"$1, 3$"	list
reading	c75c69	c.i	"$-1$"	number
reading	c75c69	d.average	"median"	word
reading	c75c69	d.average	"the median"	word
reading	d0dc6a	a.i	"$24\\text{ m} \\times 16\\text{ m}$"	word
reading	d0dc6a	a.ii	"$8\\text{ m} \\times 6\\text{ m}$"	word
reading	d0dc6a	b.i	"$336\\text{ m}^2$"	quantity
reading	d0dc6a	c.i	"$0.050\\text{ m}$"	quantity
reading	d0dc6a	d.i	"341.4"	number
reading	d0dc6a	d.iii	"does not guarantee"	word
reading	d0dc6a	d.iii	"does not"	word
reading	d0dc72	a.midpoint	"$34.5$ kg"	number
reading	d0dc72	a.width	"$10$ kg"	number
reading	d0dc72	b.i	"$34.5$ kg"	number
reading	d0dc72	c.i	"$16.8$ kg, $8.4$ kg"	list
reading	d0dc72	d.decision	"Accepted"	word
reading	d0dc72	d.decision	"Yes"	word
reading	d0dc7f	a.i	"$\\binom{4}{-2}$"	column_vector
reading	d0dc7f	b.i	"$(3,3)$"	coordinate
reading	d0dc7f	b.ii	"$(6,2)$"	coordinate
reading	d0dc87	a.i	"$\\begin{pmatrix}4\\\\2\\end{pmatrix}$"	column_vector
reading	d0dc87	b.i	"$26.6°$"	quantity
reading	d0dc87	c.i	"$(4,5)$"	coordinate
reading	d0dc87	d.i	"$10$"	number
reading	d0dc87	d.ii	"non-parallel"	word
reading	d0dc87	d.ii	"not parallel"	word
reading	d0dc8f	a.i	"1"	number
reading	d0dc8f	a.ii	"1"	number
reading	d0dc8f	b.i	"5 m"	quantity
reading	d0dc8f	c.i	"12 m"	quantity
reading	d0dc8f	d.i	"48"	number
reading	d0dc8f	d.ii	"insufficient"	word
reading	d0dc8f	d.ii	"not enough"	word
reading	d0dc8f	d.ii	"not sufficient"	word
reading	d0dcb1	a.i	"$7n - 4n - 18$"	expression
reading	d0dcb1	a.i	"$7n-18-4n$"	expression
reading	d0dcb1	b.i	"$-6$ dollars"	number
reading	d0dcc3	a.i	"\\$260"	number
reading	d0dcc3	b.i	"20%"	quantity
reading	d0dcc3	c.i	"\\$200"	number
reading	d0dcc3	d.i	"4%"	quantity
reading	d0dccb	a.i	"3"	number
reading	d0dccb	a.ii	"5"	number
reading	d0dccb	a.iii	"7"	number
reading	d0dccb	a.iv	"4"	number
reading	d0dccb	a.v	"1"	number
reading	d0dccb	b.mean	"3.95"	number
reading	d0dccb	b.median	"4"	number
reading	d0dccb	b.mode	"4"	number
reading	d0dccb	c.comparison	"greater"	word
reading	d0dccb	c.comparison	"more"	word
reading	d0dccb	c.days	"7"	number
reading	d0dccb	c.decision	"should make the arrangement"	word
reading	d0dccb	c.decision	"should make"	word
reading	d0dccb	c.decision	"should"	word
reading	d0dccb	c.decision	"will"	word
reading	d0dcd3	a.i	"$\\binom{4}{3}$"	column_vector
reading	d0dcd3	b.i	"$(5,4)$"	coordinate
reading	d0dcd3	b.ii	"$(6,6)$"	coordinate
reading	d0dcd3	c.i	"$(2.5,2)$"	coordinate
reading	d0dcd3	c.i	"$\\left(\\frac{5}{2},2\\right)$"	coordinate
reading	d0dcd3	c.ii	"$(3,3)$"	coordinate
reading	d0dce0	a.i	"\\begin{pmatrix}6\\\\3\\end{pmatrix}"	column_vector
reading	d0dce0	b.i	"26.6°"	quantity
reading	d0dce0	c.i	"27"	number
reading	d0dce8	a.i	"$AC$"	word
reading	d0dce8	a.i	"line $AC$"	word
reading	d0dce8	a.ii	"$1$"	number
reading	d0dce8	a.ii	"order $1$"	word
reading	d0dce8	c.i	"$16\\text{ cm}$"	quantity
reading	d0dce8	c.ii	"$12\\text{ cm}$"	quantity
reading	d0dcf0	a.i	"$p=30,\\ c=100$"	list
reading	d0dcf0	b.i	"$P=-2(x-7.5)^2+12.5$"	expression
reading	d0dcf0	c.i	"$x\\in\\{5,6,7,8,9,10\\}$"	word
reading	d0dcf8	a.i	"4 000"	number
reading	d0dcf8	b.i	"400 000"	number
reading	d0dcf8	c.i	"328 000"	number
reading	d0dcf8	c.ii	"82"	number
reading	d0dcf8	d.i	"$3.28 \\times 10^5$"	word
reading	d0dd05	a.i	"-3"	number
reading	d0dd05	b.i	"y = -3x + 36"	expression
reading	d0dd05	c.i	"15 m"	quantity
reading	d0dd05	d.number	"7"	number
reading	d0dd12	a.i	"$-(t-3)^2+12$"	expression
reading	d0dd12	a.i	"$12-(t-3)^2$"	expression
reading	d0dd12	b.i	"$t=3$"	number
reading	d0dd12	b.ii	"$12$"	number
reading	d0dd12	b.iii	"downward"	word
reading	d0dd12	b.iii	"downwards"	word
reading	d0dd12	c.i	"$1\\le t\\le5$"	inequality
reading	d0dd12	c.i	"from $t=1$ to $t=5$ hours inclusive"	word
reading	d0dd12	d.i	"$2$"	number
reading	d0dd12	d.ii	"increasing"	word
reading	d0dd12	d.ii	"rising"	word
reading	d0dd1a	a.i	"24.5"	number
reading	d0dd1a	b.i	"28"	number
reading	d0dd1a	c.median_class	"$20 \\leq t < 30$"	inequality
reading	d0dd1a	c.median_class	"20-29 min"	word
reading	d0dd1a	c.median_class	"20-29 minutes"	word
reading	d0dd1a	c.modal_class	"$20 \\leq t < 30$"	inequality
reading	d0dd1a	c.modal_class	"20-29 min"	word
reading	d0dd1a	c.modal_class	"20-29 minutes"	word
reading	d0dd1a	d.claim	"false"	word
reading	d0dd1a	d.claim	"incorrect"	word
reading	d0dd1a	d.claim	"not valid"	word
reading	d0dd1a	d.claim	"untrue"	word
reading	d0dd1a	d.interquartile_range	"9.3"	number
reading	d0dd1a	d.lower_quartile	"18.9"	number
reading	d0dd1a	d.upper_quartile	"28.3"	number
reading	d0dd93	a.i	"$9\\text{ m}$"	quantity
reading	d0dd93	b.i	"$203.0\\text{ m}^2$"	quantity
reading	d0dd9b	a.x	"2"	number
reading	d0dd9b	a.y	"2"	number
reading	d0dd9b	b.i	"\\begin{pmatrix}9\\\\2\\end{pmatrix}"	column_vector
reading	d0dd9b	c.i	"\\begin{pmatrix}7\\\\8\\end{pmatrix}"	column_vector
reading	d0dd9b	d.i	"\\begin{pmatrix}\\frac{2\\sqrt{29}}{29}\\\\\\frac{5\\sqrt{29}}{29}\\end{pmatrix}"	column_vector
reading	d0dd9b	d.i	"\\begin{pmatrix}\\frac{2}{\\sqrt{29}}\\\\\\frac{5}{\\sqrt{29}}\\end{pmatrix}"	column_vector
reading	d0dda8	a.i	"$\\binom{6}{-3}$"	column_vector
reading	d0dda8	b.i	"$(0,1)$"	coordinate
reading	d0ddb0	a.i	"$\\begin{pmatrix}3\\\\2\\end{pmatrix}$"	column_vector
reading	d0ddb0	b.i	"$33.7^\\circ$"	number
reading	d0ddb0	c.i	"$0$"	number
reading	d0ddb0	d.verdict	"Yes"	word
reading	d0ddb0	d.verdict	"Yes, they are parallel"	word
reading	d0ddb8	a.i	"$13\\text{ m}$"	quantity
reading	d0ddb8	b.i	"$12\\text{ m}$"	quantity
reading	d0ddb8	c.i	"$30$"	number
reading	d0ddb8	c.ii	"$PN$"	word
reading	d0ddb8	c.ii	"PN"	word
reading	d0ddb8	c.iv	"$1$"	number
reading	d0ddc5	a.i	"\\$600"	number
reading	d0ddc5	b.i	"\\$540"	number
reading	d0ddc5	b.ii	"$10\\%$"	number
reading	d0ddc5	c.i	"$12.5\\%$"	number
reading	d16f03	a.i	"\\$36"	number
reading	d16f03	b.i	"\\$204"	number
reading	d16f03	b.ii	"\\$25.50"	number
reading	d16f03	c.i	"\\$229.50"	number
reading	d16f03	d.i	"7.37%"	quantity
reading	d16f10	a.i	"500 s"	quantity
reading	d16f10	b.i	"2400 m"	quantity
reading	d16f10	c.i	"750 m"	quantity
reading	d16f10	d.i	"5 m/s"	quantity
reading	d16f18	a.i	"\\begin{pmatrix}20&30\\\\16&30\\end{pmatrix}"	matrix
reading	d16f18	b.i	"\\begin{pmatrix}60&90\\\\48&90\\end{pmatrix}"	matrix
reading	d16f18	c.i	"\\begin{pmatrix}\\$1 860&\\$3 150\\end{pmatrix}"	matrix
reading	d16f25	a.i	"\\begin{pmatrix}4\\\\3\\end{pmatrix}"	column_vector
reading	d16f25	b.i	"\\begin{pmatrix}5\\\\8\\end{pmatrix}"	column_vector
reading	d16f32	a.i	"16"	number
reading	d16f32	b.i	"D = n^2"	expression
reading	d16f32	c.amount	"\\$911.25"	number
reading	d16f32	c.number	"36"	number
reading	d16f32	d.percentage	"40.625"	number
reading	d16f32	d.verdict	"did exceed"	word
reading	d16f32	d.verdict	"exceeded"	word
reading	d16f32	d.verdict	"yes"	word
reading	d16f3a	a.i	"33"	number
reading	d16f3a	b.i	"55%"	quantity
reading	d16f3a	c.comparison	"equal to"	word
reading	d16f3a	c.comparison	"the same as"	word
reading	d16f3a	c.delivery	"must be"	word
reading	d16f3a	c.delivery	"must"	word
reading	d16f3a	c.delivery	"should be"	word
reading	d16f3a	c.delivery	"should"	word
reading	d16f3a	c.delivery	"will be"	word
reading	d16f3a	c.delivery	"will"	word
reading	d16f3a	c.difference	"0"	number
reading	d16f47	a.i	"$l = \\frac{gT^2}{4\\pi^2}$"	expression
reading	d16f47	a.i	"$l = g\\left(\\frac{T}{2\\pi}\\right)^2$"	expression
reading	d16f47	b.i	"$1.55\\text{ m}$"	quantity
reading	d16f4f	a.i	"$11.7$ kg"	number
reading	d16f4f	b.i	"$2.2$ kg"	number
reading	d16f4f	c.i	"sample statistic"	word
reading	d16f4f	c.i	"statistic"	word
reading	d16f4f	c.ii	"parameter"	word
reading	d16f4f	c.ii	"population parameter"	word
reading	d16f57	a.i	"(0, 12)"	coordinate
reading	d16f57	b.i	"6 teams"	quantity
reading	d16f57	c.i	"3 bibs"	quantity
reading	d16f57	d.i	"y = -3x + 18"	expression
reading	d16f5f	a.i	"70°"	quantity
reading	d16f5f	b.i	"55°"	quantity
reading	d16f5f	c.i	"35°"	quantity
reading	d16f5f	d.angle	"110°"	quantity
reading	d16f6c	a.i	"$15$"	number
reading	d16f6c	b.i	"$2,\\ 4$"	list
reading	d16f6c	c.i	"$x = 3$"	number
reading	d16f6c	c.i	"$x=3$"	number
reading	d16f6c	d.i	"$2\\text{ s}$"	quantity
reading	d16f74	a.i	"6"	number
reading	d16f74	a.ii	"9"	number
reading	d16f74	a.iii	"6"	number
reading	d16f74	b.interval	"$10 \\le t < 15$ minutes"	inequality
reading	d16f74	b.interval	"10 to less than 15 minutes"	word
reading	d16f74	b.interval	"10–14 minutes"	word
reading	d16f74	c.i	"50%"	quantity
reading	d16f7c	a.i	"r=\\left(\\frac{3V}{4\\pi}\\right)^{\\frac{1}{3}}"	expression
reading	d16f7c	a.i	"r=\\sqrt[3]{\\frac{3V}{4\\pi}}"	expression
reading	d16f7c	b.i	"6\\text{ cm}"	quantity
reading	d16f7c	c.i	"12\\text{ cm}"	quantity
reading	d16f7c	d.boundary	"4"	number
reading	d16f7c	d.decision	"no"	word
reading	d16f7c	d.decision	"not"	word
reading	d16f7c	d.decision	"will not"	word
reading	d16f89	a.i	"\\begin{pmatrix}4\\\\3\\end{pmatrix}"	column_vector
reading	d16f89	b.i	"\\begin{pmatrix}9\\\\11\\end{pmatrix}"	column_vector
reading	d16f89	c.i	"\\begin{pmatrix}-7\\\\-1\\end{pmatrix}"	column_vector
reading	d16f89	c.ii	"Correct"	word
reading	d16f89	c.ii	"Yes"	word
reading	d16f89	c.ii	"Yes, he is correct"	word
reading	d16f91	a.i	"7"	number
reading	d16f91	b.i	"2"	number
reading	d16f91	c.i	"4x+4"	expression
reading	d16f91	c.ii	"4x+4 \\le 16"	inequality
reading	d16f91	d.i	"$x=0,1,2,3$"	roots
reading	d16f91	d.i	"\\{0,1,2,3\\}"	set
reading	d16f9e	a.i	"\\$150"	number
reading	d16f9e	b.i	"\\$168.75"	number
reading	d16f9e	c.i	"\\$581.25 profit"	number
reading	d16fb5	a.i	"116°"	quantity
reading	d16fb5	b.i	"32°"	quantity
reading	d16fb5	c.i	"58°"	quantity
reading	d16fb5	d.angle	"64°"	quantity
reading	d16fbd	a.i	"2.4"	number
reading	d16fbd	b.i	"720"	number
reading	d16fbd	c.i	"sample statistic"	word
reading	d16fbd	c.i	"statistic"	word
reading	d16fbd	c.ii	"parameter"	word
reading	d16fbd	c.ii	"population parameter"	word
reading	d16fca	a.i	"r=\\left(\\dfrac{3V}{4\\pi}\\right)^{\\frac13}"	expression
reading	d16fca	a.i	"r=\\sqrt[3]{\\dfrac{3V}{4\\pi}}"	expression
reading	d16fca	b.i	"6\\text{ cm}"	quantity
reading	d16fca	c.i	"12\\text{ cm}"	quantity
reading	d16fca	d.i	"Fits"	word
reading	d16fca	d.i	"It will fit"	word
reading	d16fca	d.i	"Yes"	word
reading	d16fd7	a.i	"2400 m"	quantity
reading	d16fd7	b.i	"2 hours"	quantity
reading	d16fd7	c.i	"\\$60"	number
reading	d16fd7	d.i	"10\\%"	number
reading	d16fdf	a.i	"$15x+120=27x$"	expression
reading	d16fdf	a.i	"27x=120+15x"	expression
reading	d16fdf	b.i	"10"	number
reading	d16fdf	c.i	"\\$96"	number
reading	d16fe7	a.i	"4"	number
reading	d16fe7	b.i	"100 cm"	quantity
reading	d16fe7	c.i	"5 m"	quantity
reading	d16fe7	d.i	"3"	number
reading	d16ff4	a.i	"18"	number
reading	d16ff4	a.ii	"22"	number
reading	d16ff4	b.i	"D = 4n + 2"	expression
reading	d16ff4	c.i	"25"	number
reading	d16ffc	a.i	"\\begin{pmatrix}5\\\\3\\end{pmatrix}"	column_vector
reading	d16ffc	b.i	"\\begin{pmatrix}6\\\\7\\end{pmatrix}"	column_vector
reading	d16ffc	c.i	"\\begin{pmatrix}10\\\\6\\end{pmatrix}"	column_vector
reading	d16ffc	c.ii	"middle point"	word
reading	d16ffc	c.ii	"midpoint"	word
reading	d17004	a.i	"60"	number
reading	d17004	b.i	"\\frac{1}{3}"	number
reading	d17004	c.i	"225"	number
reading	d17011	a.i	"9"	number
reading	d17011	b.i	"(x-3)^2"	expression
reading	d17011	b.i	"x^2-6x+9"	expression
reading	d17011	c.i	"$1 \\leq x \\leq 5$"	inequality
reading	d17011	c.i	"$x\\in[1,5]$"	word
reading	d17011	c.i	"1\\leq x\\leq5"	inequality
reading	d17011	d.axis	"$x = 3$"	number
reading	d17011	d.axis	"x=3"	number
reading	d17011	d.minimum	"0"	number
reading	d1701e	a.i	"98"	number
reading	d1701e	b.i	"52"	number
reading	d1701e	c.i	"9"	number
reading	d17038	a.i	"(0, 12)"	coordinate
reading	d17038	a.i	"(0,12)"	coordinate
reading	d17038	b.i	"B = 12 - 2x"	expression
reading	d17038	b.i	"B=-2x+12"	expression
reading	d17038	c.i	"(6, 0)"	coordinate
reading	d17038	c.i	"(6,0)"	coordinate
reading	d17038	d.comparison	"more steep"	word
reading	d17038	d.comparison	"steeper"	word
reading	d17038	d.gradient	"-3"	number
reading	d1704a	a.i	"76°"	quantity
reading	d1704a	b.i	"38°"	quantity
reading	d1704a	c.i	"correct"	word
reading	d1704a	c.i	"true"	word
reading	d17052	a.i	"4"	number
reading	d17052	b.i	"r=\\left(\\frac{3V}{4\\pi}\\right)^{\\frac13}"	expression
reading	d17052	b.i	"r=\\sqrt[3]{\\frac{3V}{4\\pi}}"	expression
reading	d17052	c.i	"3.91"	number
reading	d1705a	a.i	"\\begin{pmatrix}6\\\\-2\\end{pmatrix}"	column_vector
reading	d1705a	b.i	"\\vec{OC}=\\begin{pmatrix}16\\\\-3\\end{pmatrix}"	column_vector
reading	d17067	a.i	"\\$36"	number
reading	d17067	b.i	"\\$204"	number
reading	d17067	c.i	"\\$25.50"	number
reading	d17067	c.ii	"\\$229.50"	number
reading	d17067	d.i	"\\$24"	number
reading	d1706f	a.i	"\\begin{pmatrix}762\\\\720\\end{pmatrix}"	column_vector
reading	d1706f	b.i	"\\begin{pmatrix}838.20\\\\792.00\\end{pmatrix}"	column_vector
reading	d1706f	c.total	"1 630.20"	number
reading	d1706f	c.verdict	"not"	word
reading	d1707c	a.i	"12"	number
reading	d1707c	b.i	"$2$ and $6$"	word
reading	d1707c	b.i	"2, 6"	list
reading	d1707c	c.i	"5"	number
reading	d1707c	d.axis	"$x=4$"	number
reading	d1707c	d.axis	"x = 4"	number
reading	d1707c	d.maximum	"16"	number
reading	d1707c	d.week	"4"	number
reading	d1707c	e.population_attribute	"a parameter"	word
reading	d1707c	e.population_attribute	"population parameter"	word
reading	d1707c	e.sample_attribute	"a statistic"	word
reading	d1707c	e.sample_attribute	"sample statistic"	word
reading	d2fe23	a.i	"$AB$ is a square matrix of order $2$."	word
reading	d2fe2d	a.i	"$\\frac{9}{16}$"	number
reading	d2fe4b	a.i	"$70°$"	quantity
reading	d2fe4b	a.i	"70°"	quantity
reading	d2fe55	a.i	"$21$"	number
reading	d2fe55	a.i	"21"	number
reading	d2fe5f	a.i	"\\$90"	number
reading	d2fe69	a.i	"$7.2$ km/h"	expression
reading	d2fe69	a.i	"7.2 km/h"	quantity
reading	d2fe73	a.i	"$\\{HHA, HHB, HTA, HTB, THA, THB, TTA, TTB\\}$"	set
reading	d2fe7d	a.i	"$40\\text{ m}$"	quantity
reading	d2fe87	a.i	"$\\dfrac{x-3}{2}$"	expression
reading	d2fe98	a.i	"A solid line through $(0, 7)$ and $(4, 0)$, with the region on the side containing $(0, 0)$ shaded in the first quadrant."	word
reading	d2fea2	a.i	"$A$, $O$ and $B$ are collinear, with $O$ between $A$ and $B$."	word
reading	d2feac	a.i	"$12.8\\text{ m}$"	quantity
reading	d2feb6	a.i	"$\\begin{pmatrix}1 & 0\\\\2 & 3\\\\-1 & 4\\end{pmatrix}$"	matrix
reading	d2fec0	a.i	"$40$ ticket holders"	word
reading	d2fec0	a.i	"40"	number
reading	d2feca	a.i	"$\\sqrt{17}$"	expression
reading	d2fed4	a.i	"16"	number
reading	d2fede	a.i	"24"	number
reading	d2fee8	a.i	"The $x$-intercept is $(3,0)$ and the $y$-intercept is $(0,-15)$."	word
reading	d2fef2	a.i	"A closed circle at $-4$, with shading to the right."	word
reading	d2fefc	a.i	"$126°$"	quantity
reading	d2ff06	a.i	"The distributive property of multiplication over addition"	word
reading	d2ff10	a.i	"\\$5 000"	number
reading	d2ff21	a.i	"$48\\text{ m/h}$"	quantity
reading	d2ff2b	a.i	"$\\{(1,H),(1,D),(2,H),(2,D),(3,H),(3,D),(4,C),(4,S),(5,C),(5,S),(6,C),(6,S)\\}$"	set
reading	d2ff35	a.i	"$M^2 - 2M$"	expression
reading	d2ff3f	a.i	"$3$"	number
reading	d2ff3f	a.i	"3"	number
reading	d2ff49	a.i	"$30.7\\text{ m}$"	quantity
reading	d2ff61	a.i	"$4 \\times 6$"	word
reading	d2ff6b	a.i	"$\\frac{1}{4}$"	number
reading	d2ff75	a.i	"$\\frac{3}{2}$"	number
reading	d2ff7f	a.i	"$-2y - 4 \\le 10$"	inequality
reading	d2ff89	a.i	"$105°$"	quantity
reading	d2ff89	a.i	"105°"	quantity
reading	d2ff93	a.i	"$5$"	number
reading	d2ff93	a.i	"5"	number
reading	d2ff9d	a.i	"$\\{x\\in\\mathbb{R}:9\\leq x\\leq12\\}$"	set
reading	d2ffa7	a.i	"Associativity, additive inverse, additive identity"	word
reading	d2ffb1	a.i	"\\$85.80"	number
reading	d2ffbb	a.i	"$15$ minutes"	number
reading	d2ffc5	a.i	"$\\frac{5}{12}$"	number
reading	d2ffcf	a.i	"$1.60$"	number
reading	d2ffd9	a.i	"$4$"	number
reading	d2ffe3	a.i	"$17.1\\text{ cm}$"	quantity
reading	d2ffed	a.i	"$\\{n \\in \\mathbb{N}: 3 \\le n \\le 6\\}$"	set
reading	d2fff7	a.i	"$045°$"	quantity
reading	d2fff7	a.i	"045°"	quantity
reading	d586da	a.average	"median"	word
reading	d586da	a.average	"the median"	word
reading	d586da	a.value	"2"	number
reading	d586e4	a.i	"$6$"	number
reading	d9c1e8	a.i	"\\begin{pmatrix}3\\\\4\\end{pmatrix}"	column_vector
reading	d9c1e8	b.i	"5"	number
reading	d9c1e8	c.i	"(6,0)"	coordinate
reading	d9c1f0	a.i	"1 274 000 g"	number
reading	d9c1f0	b.i	"3 640"	number
reading	d9c1f0	c.i	"202 full cartons, 4 bags"	word
reading	d9c1f8	a.i	"l = \\frac{gT^2}{4\\pi^2}"	expression
reading	d9c1f8	a.i	"l = g\\left(\\frac{T}{2\\pi}\\right)^2"	expression
reading	d9c1f8	b.i	"1.20\\text{ m}"	quantity
reading	d9c1f8	c.i	"does not fit"	word
reading	d9c1f8	c.i	"will not fit inside"	word
reading	d9c1f8	c.i	"will not fit"	word
reading	d9c205	a.i	"39"	number
reading	d9c205	b.i	"1.95"	number
reading	d9c205	c.i	"156"	number
reading	d9c205	c.ii	"52"	number
reading	d9c205	d.i	"sample mean"	word
reading	d9c205	d.i	"sample statistic"	word
reading	d9c205	d.ii	"population mean"	word
reading	d9c205	d.ii	"population parameter"	word
reading	d9c20d	a.i	"7"	number
reading	d9c20d	b.i	"3"	number
reading	d9c20d	c.i	"inverse functions"	word
reading	d9c20d	c.i	"inverse"	word
reading	d9c20d	c.ii	"(x-1)/2"	expression
reading	d9c20d	c.ii	"\\frac{1}{2}x-\\frac{1}{2}"	expression
reading	d9c20d	c.ii	"\\frac{x-1}{2}"	expression
reading	d9c215	a.i	"3"	number
reading	d9c215	b.i	"3n+1"	expression
reading	d9c215	c.i	"17"	number
reading	d9c21d	a.i	"55°"	quantity
reading	d9c21d	b.i	"11.6 km"	quantity
reading	d9c21d	c.i	"135°"	quantity
reading	d9c237	a.i	"77.9 m"	quantity
reading	d9c237	b.i	"37.8°"	quantity
reading	d9c237	c.increase	"7.8°"	quantity
reading	d9c237	c.verdict	"No"	word
reading	d9c237	c.verdict	"incorrect"	word
reading	d9c237	c.verdict	"not correct"	word
reading	d9c244	a.i	"40"	number
reading	d9c244	b.i	"20"	number
reading	d9c244	c.i	"28"	number
reading	d9c244	c.ii	"30"	number
reading	d9c24c	a.i	"$\\begin{pmatrix}5\\\\3\\end{pmatrix}$ m"	column_vector
reading	d9c24c	b.i	"$\\sqrt{34}$ m"	expression
reading	d9c24c	c.i	"6.23"	number
reading	d9c24c	c.ii	"6.5"	number
reading	d9c254	a.i	"2\\mathbf{a}+2\\mathbf{b}"	expression
reading	d9c254	b.i	"2\\mathbf{a}+2\\mathbf{b}"	expression
reading	d9c254	c.i	"-\\mathbf{a}+2\\mathbf{b}"	expression
reading	d9c254	c.i	"2\\mathbf{b}-\\mathbf{a}"	expression
reading	d9c254	c.ii	"-\\mathbf{a}+2\\mathbf{b}"	expression
reading	d9c254	c.ii	"2\\mathbf{b}-\\mathbf{a}"	expression
reading	d9c25c	a.i	"22"	number
reading	d9c25c	b.i	"40"	number
reading	d9c25c	c.i	"\\frac{11}{20}"	number
reading	d9c25c	d.i	"\\frac{3}{4}"	number
reading	d9c264	a.i	"\\$1 038.00"	number
reading	d9c264	b.i	"\\$103.80"	number
reading	d9c264	c.i	"\\$1 135.98"	number
reading	d9c264	d.i	"No"	word
reading	d9c264	d.i	"cannot afford to"	word
reading	d9c264	d.i	"cannot"	word
reading	d9c264	d.ii	"\\$5.98"	number
reading	d9c276	a.i	"$17.1\\text{ m}$"	quantity
reading	d9c276	b.i	"$33.1\\text{ m}$"	quantity
reading	d9c276	c.i	"$19.9^\\circ$"	number
reading	d9c276	d.verdict	"Yes"	word
reading	d9c276	d.verdict	"Yes, it can be installed"	word
reading	d9c283	a.i	"245°"	quantity
reading	d9c283	b.i	"90°"	quantity
reading	d9c283	c.i	"22.8 km"	quantity
reading	d9c283	d.i	"103°"	quantity
reading	d9c290	a.i	"r=\\left(\\frac{3V}{4\\pi}\\right)^{\\frac13}"	expression
reading	d9c290	a.i	"r=\\sqrt[3]{\\frac{3V}{4\\pi}}"	expression
reading	d9c290	b.i	"3"	number
reading	d9c290	c.i	"B"	word
reading	d9c290	c.i	"Model B"	word
reading	d9c2a2	a.i	"432"	number
reading	d9c2a2	b.i	"168"	number
reading	d9c2a2	b.ii	"25"	number
reading	d9c2a2	b.iii	"600"	number
reading	d9c2a2	c.i	"75"	number
reading	d9c2a2	d.i	"10"	number
reading	d9c2a2	d.ii	"5"	number
reading	d9c2aa	a.i	"52"	number
reading	d9c2aa	b.i	"6"	number
reading	d9c2aa	c.i	"10"	number
reading	d9c2aa	d.i	"$\\{J\\clubsuit,\\ Q\\clubsuit,\\ K\\clubsuit,\\ J\\spadesuit,\\ Q\\spadesuit,\\ K\\spadesuit\\}$"	set
reading	d9c2aa	d.i	"$\\{J\\spadesuit,\\ Q\\spadesuit,\\ K\\spadesuit,\\ J\\clubsuit,\\ Q\\clubsuit,\\ K\\clubsuit\\}$"	set
reading	d9c2aa	d.ii	"$0.5$"	number
reading	d9c2aa	d.ii	"$\\frac{1}{2}$"	number
reading	d9c2c1	a.i	"f^{-1}: x \\rightarrow \\frac{x-60}{25}"	expression
reading	d9c2c1	b.i	"6"	number
reading	d9c2c1	c.i	"15"	number
reading	d9c2c9	a.i	"\\begin{pmatrix}3\\\\4\\end{pmatrix}"	column_vector
reading	d9c2c9	b.i	"5\\text{ m}"	quantity
reading	d9c2c9	c.decision	"Yes"	word
reading	d9c2c9	c.decision	"accepted"	word
reading	d9c2ed	a.i	"24 km/h"	quantity
reading	d9c2ed	b.i	"1 h 15 min"	word
reading	d9c2ed	b.i	"1.25 h"	quantity
reading	d9c2ed	b.i	"75 min"	quantity
reading	d9c2ed	c.arrival_R	"10:20 a.m."	word
reading	d9c2ed	c.departure_Q	"9:05 a.m."	word
reading	d9c2ed	c.verdict	"does arrive before 10:30 a.m."	word
reading	d9c2ed	c.verdict	"does"	word
reading	d9c2ed	c.verdict	"will"	word
reading	d9c2fd	a.i	"235°"	quantity
reading	d9c2fd	b.i	"145°"	quantity
reading	d9c305	a.i	"0.34375"	number
reading	d9c305	a.i	"11/32"	number
reading	d9c305	a.i	"55/160"	number
reading	d9c305	b.i	"0.375"	number
reading	d9c305	b.i	"3/8"	number
reading	d9c305	b.ii	"0.140625"	number
reading	d9c305	b.ii	"9/64"	number
reading	d9c305	c.i	"60"	number
reading	d9c305	c.ii	"greater"	word
reading	d9c305	c.ii	"higher"	word
reading	d9c305	c.ii	"more"	word
reading	d9c305	d.i	"8"	number
reading	d9c30d	a.i	"$\\begin{pmatrix}4\\\\13\\end{pmatrix}$ km"	column_vector
reading	d9c30d	b.i	"$13.6$ km"	number
reading	d9c30d	c.decision	"can"	word
reading	d9c30d	c.decision	"yes"	word
reading	d9c30d	c.reason	"less than or equal to"	word
reading	d9c30d	c.reason	"less than"	word
reading	d9c315	a.i	"3"	number
reading	d9c315	b.i	"3n + 2"	expression
reading	d9c315	b.i	"D = 3n + 2"	expression
reading	d9c322	a.i	"\\$30"	number
reading	d9c322	b.i	"C = 3n + 2"	expression
reading	d9c322	c.i	"4"	number
reading	d9c32a	a.i	"r=\\left(\\frac{3V}{4\\pi}\\right)^{\\frac{1}{3}}"	expression
reading	d9c32a	a.i	"r=\\sqrt[3]{\\frac{3V}{4\\pi}}"	expression
reading	d9c32a	b.i	"6 cm"	quantity
reading	d9c32a	c.verdict	"No"	word
reading	d9c32a	c.verdict	"No, it is not accepted"	word
reading	d9c32a	c.verdict	"not acceptable"	word
reading	d9c32a	d.i	"\\frac{508\\pi}{3} cm^3"	quantity
reading	d9c32a	d.i	"\\frac{508}{3}\\pi cm^3"	quantity
reading	d9c337	a.i	"$\\{3,6,9,12,15,18,21,24,27,30,33,36\\}$"	set
reading	d9c337	b.i	"$\\{4,8,12,16,20,24,28,32,36\\}$"	set
reading	d9c337	b.ii	"$\\{12,24,36\\}$"	set
reading	d9c337	c.i	"$\\{4,8,16,20,28,32\\}$"	set
reading	d9c337	c.ii	"Crate numbers divisible by 4 but not divisible by 3"	word
reading	d9c337	c.ii	"Multiples of 4 which are not multiples of 3"	word
reading	d9c337	c.ii	"Numbers from 1 to 36 which are divisible by 4 but not by 3"	word
reading	d9c33f	a.i	"\\$27 per hour"	word
reading	d9c33f	b.i	"\\$1 602"	number
reading	d9c33f	c.i	"\\$80.10"	number
reading	d9c347	a.i	"$\\{\\text{Mango},\\text{ Coconut},\\text{ Breadfruit},\\text{ Plantain}\\}$"	set
reading	d9c347	b.i	"$\\{(\\text{Mango},H),(\\text{Mango},T),(\\text{Coconut},H),(\\text{Coconut},T),(\\text{Breadfruit},H),(\\text{Breadfruit},T),(\\text{Plantain},H),(\\text{Plantain},T)\\}$"	set
reading	d9c347	c.i	"$\\frac{1}{4}$"	number
reading	d9c35e	a.i	"11"	number
reading	d9c35e	b.i	"3"	number
reading	d9c35e	b.ii	"7"	number
reading	d9c35e	c.i	"0.5x-1.5"	expression
reading	d9c35e	c.i	"\\frac{1}{2}(x-3)"	expression
reading	d9c35e	c.i	"\\frac{x-3}{2}"	expression
reading	d9c35e	d.i	"x=y"	expression
reading	d9c35e	d.i	"y=x"	expression
reading	d9c35e	d.iii	"x"	word
reading	d9c370	a.i	"000°"	quantity
reading	d9c370	b.i	"90°"	quantity
reading	d9c370	c.i	"039°"	quantity
reading	d9c378	a.i	"13.3 m"	quantity
reading	d9c378	b.i	"31.3 m"	quantity
reading	d9c378	c.i	"21.0°"	quantity
reading	d9c378	d.i	"33.5 m"	quantity
reading	d9c380	a.i	"24"	number
reading	d9c380	b.i	"24 + 6m = 90"	number
reading	d9c380	b.i	"6m + 24 = 90"	number
reading	d9c380	b.i	"6m = 66"	number
reading	d9c380	c.i	"11"	number
reading	d9c388	a.i	"$\\begin{pmatrix}6\\\\4\\end{pmatrix}$"	column_vector
reading	d9c388	b.i	"$2\\sqrt{13}$"	expression
reading	d9c388	b.i	"$\\sqrt{52}$"	expression
reading	d9c388	d.position	"$\\begin{pmatrix}-4+\\dfrac{45}{\\sqrt{13}}\\\\1+\\dfrac{30}{\\sqrt{13}}\\end{pmatrix}$"	column_vector
reading	d9c3ac	a.i	"\\begin{pmatrix}-4 & -1 & 2 & 4\\\\3 & 5 & 2 & 4\\end{pmatrix}"	matrix
reading	d9c3ac	b.i	"2 \\times 4"	word
reading	d9c3ac	b.i	"2 by 4"	word
reading	d9c3ac	c.i	"non-square"	word
reading	d9c3ac	c.i	"rectangular"	word
reading	d9c3ac	d.i	"\\begin{pmatrix}1 & 0\\\\0 & 1\\end{pmatrix}"	matrix
reading	d9c3b9	a.i	"6 km/h"	quantity
reading	d9c3b9	b.i	"30 km"	quantity
reading	d9c3b9	c.i	"9 km/h"	quantity
reading	d9c3c1	a.i	"$48$"	number
reading	d9c3c1	b.i	"$30$"	number
reading	d9c3c1	c.experimental	"$\\frac{3}{8}$"	number
reading	d9c3c1	c.theoretical	"$\\frac{3}{8}$"	number
reading	d9c3c1	d.verdict	"Yes"	word
reading	d9c3c1	d.verdict	"Yes, they do"	word
reading	d9c3c9	a.i	"245°"	quantity
reading	d9c3c9	b.i	"90°"	quantity
reading	d9c3c9	c.i	"088°"	quantity
reading	d9c3db	a.i	"\\{(1,H),(1,T),(2,H),(2,T),(3,H),(3,T),(4,H),(4,T)\\}"	set
reading	d9c3db	a.i	"\\{(1,H),(2,H),(3,H),(4,H),(1,T),(2,T),(3,T),(4,T)\\}"	set
reading	d9c3db	b.i	"\\{(1,H),(2,H)\\}"	set
reading	d9c3db	b.i	"\\{(2,H),(1,H)\\}"	set
reading	d9c3db	c.i	"\\frac{1}{4}"	number
reading	d9c3db	d.decision	"Yes"	word
reading	d9c3db	d.decision	"yes"	word
reading	d9c3e8	a.i	"$24.8\\text{ m}$"	quantity
reading	d9c3e8	b.i	"$49.8\\text{ m}$"	quantity
reading	d9c3e8	c.i	"$19.9°$"	quantity
reading	d9c40e	a.i	"(0,-10)"	coordinate
reading	d9c40e	b.i	"10"	number
reading	d9c40e	b.ii	"2"	number
reading	d9c40e	c.i	"(7,0)"	coordinate
reading	d9c40e	d.i	"a loss"	word
reading	d9c40e	d.i	"loss"	word
reading	d9c40e	d.ii	"1"	number
reading	d9c416	a.i	"\\$330"	number
reading	d9c416	b.i	"\\$285"	number
reading	d9c416	b.ii	"475 units"	quantity
reading	d9c416	c.i	"96 units"	quantity
reading	d9c416	d.i	"20.2\\%"	number
reading	d9c41e	a.i	"4 s"	quantity
reading	d9c41e	b.i	"l=\\frac{gT^2}{4\\pi^2}"	expression
reading	d9c41e	b.i	"l=g\\left(\\frac{T}{2\\pi}\\right)^2"	expression
reading	d9c41e	c.i	"3.97 m"	quantity
reading	d9c426	a.i	"5"	number
reading	d9c426	a.ii	"21"	number
reading	d9c426	b.i	"105"	number
reading	d9c42e	a.i	"\\begin{pmatrix}6\\\\8\\end{pmatrix}"	column_vector
reading	d9c42e	b.i	"10 km"	quantity
reading	d9c42e	c.i	"8"	number
reading	d9c42e	d.i	"\\begin{pmatrix}12\\\\5\\end{pmatrix}"	column_vector
reading	d9c42e	d.ii	"13 km"	quantity
reading	e1cb52	b.i	"$(0,0), (6,0), (4,4), (0,6)$"	set
reading	e1cb52	c.i	"$x=4, y=4$, \\$36"	list
reading	e5141b	a.day	"Monday"	word
reading	e51425	a.i	"$39.5$ cm"	number
reading	fbf654	a.i	"\\$15 per hour"	word
reading	fbf65e	a.i	"$18x - 36 \\ge 180$"	inequality
reading	fbf65e	b.i	"$\\{x \\in \\mathbb{N} : x \\ge 12\\}$"	set
reading	fe84a7	a.i	"$\\begin{pmatrix}5\\\\3\\end{pmatrix}$"	column_vector
reading	fe84a7	b.i	"$\\begin{pmatrix}12\\\\11\\end{pmatrix}$"	column_vector
reading	fe84a7	c.i	"$\\begin{pmatrix}-2\\\\0\\end{pmatrix}$"	column_vector
reading	fe84af	a.i	"f:x\\rightarrow 2x+1"	expression
reading	fe84af	b.i	"2x^2+1"	expression
reading	fe84af	c.i	"(2x+1)^2"	expression
reading	fe84af	c.i	"4x^2+4x+1"	expression
reading	fe84af	c.ii	"\\ne"	word
reading	fe84af	d.i	"30"	number
reading	fe84b7	a.i	"3"	number
reading	fe84b7	b.i	"3n + 2"	expression
reading	fe84b7	b.i	"T = 3n + 2"	expression
reading	fe84b7	b.i	"T=3n+2"	expression
reading	fe84b7	c.i	"11"	number
reading	fe84c4	a.i	"$132°$"	quantity
reading	fe84c4	b.i	"$66°$"	quantity
reading	fe84c4	c.i	"$72°$"	quantity
reading	fe84c4	d.required_angle	"$72°$"	quantity
reading	fe84c4	d.verdict	"No"	word
reading	fe84c4	d.verdict	"not a tangent"	word
reading	fe84cc	a.i	"$26.0\\text{ m}$"	quantity
reading	fe84cc	b.i	"$52.0\\text{ m}$"	quantity
reading	fe84cc	c.i	"No"	word
reading	fe84cc	c.i	"No, it is not long enough"	word
reading	fe84d4	a.i	"$0.2$"	number
reading	fe84d4	a.i	"$20\\%$"	number
reading	fe84d4	a.i	"$\\frac{1}{5}$"	number
reading	fe84d4	b.i	"$0.08$"	number
reading	fe84d4	b.i	"$8\\%$"	number
reading	fe84d4	b.i	"$\\frac{2}{25}$"	number
reading	fe84d4	c.i	"$0.06$"	number
reading	fe84d4	c.i	"$6\\%$"	number
reading	fe84d4	c.i	"$\\frac{3}{50}$"	number
reading	fe84d4	d.i	"$0.02$"	number
reading	fe84d4	d.ii	">"	word
reading	fe84d4	d.ii	"greater than"	word
reading	fe84d4	d.ii	"more than"	word
reading	fe84d4	d.iii	"not"	word
reading	fe84d4	d.iii	"should not"	word
